,angle_of_attack,chord_length,,suction_side_displacement_thickness,,
-0.662022703,0,0.3048,1.312935258,0.00266337,0.197938763,
-0.598561347,0,0.3048,1.312935258,0.00266337,0.052934759,
-0.519234652,0,0.3048,1.312935258,0.00266337,0.161687762,
-0.408177279,0,0.3048,1.312935258,0.00266337,0.399494329,
-0.281254566,0,0.3048,1.312935258,0.00266337,0.380643808,
-0.122601176,0,0.3048,1.312935258,0.00266337,0.10658624,
0.083648232,0,0.3048,1.312935258,0.00266337,0.052934759,
0.353358996,0,0.3048,1.312935258,0.00266337,-0.257373811,
0.670665777,0,0.3048,1.312935258,0.00266337,-0.512580858,
1.083164592,0,0.3048,1.312935258,0.00266337,-0.767787906,
1.62258612,0,0.3048,1.312935258,0.00266337,-1.114347476,
2.257199682,0,0.3048,1.312935258,0.00266337,-1.369554523,
3.050466635,0,0.3048,1.312935258,0.00266337,-1.826317137,
4.161040369,0,0.3048,1.312935258,0.00266337,-2.336731232,
-0.757214738,0,0.3048,0.298007011,0.00283081,0.229114624,
-0.715964856,0,0.3048,0.298007011,0.00283081,0.414719749,
-0.662022703,0,0.3048,0.298007011,0.00283081,0.471271311,
-0.598561347,0,0.3048,0.298007011,0.00283081,0.308866826,
-0.519234652,0,0.3048,0.298007011,0.00283081,0.181263302,
-0.408177279,0,0.3048,0.298007011,0.00283081,0.311766906,
-0.281254566,0,0.3048,0.298007011,0.00283081,0.258115425,
-0.122601176,0,0.3048,0.298007011,0.00283081,-0.105844626,
0.083648232,0,0.3048,0.298007011,0.00283081,-0.23199811,
0.353358996,0,0.3048,0.298007011,0.00283081,-0.540856639,
0.670665777,0,0.3048,0.298007011,0.00283081,-0.758362645,
1.083164592,0,0.3048,0.298007011,0.00283081,-0.994719172,
1.62258612,0,0.3048,0.298007011,0.00283081,-1.212225179,
2.257199682,0,0.3048,0.298007011,0.00283081,-1.705238793,
3.050466635,0,0.3048,0.298007011,0.00283081,-1.995246802,
-0.852406772,0,0.3048,-0.723344834,0.00310138,-0.97253356,
-0.836541433,0,0.3048,-0.723344834,0.00310138,-0.799978794,
-0.815916492,0,0.3048,-0.723344834,0.00310138,-0.29826494,
-0.788945416,0,0.3048,-0.723344834,0.00310138,-0.003906811,
-0.757214738,0,0.3048,-0.723344834,0.00310138,0.307851798,
-0.715964856,0,0.3048,-0.723344834,0.00310138,0.550008485,
-0.662022703,0,0.3048,-0.723344834,0.00310138,0.618160367,
-0.598561347,0,0.3048,-0.723344834,0.00310138,0.444155562,
-0.519234652,0,0.3048,-0.723344834,0.00310138,0.096145952,
-0.408177279,0,0.3048,-0.723344834,0.00310138,-0.114109854,
-0.281254566,0,0.3048,-0.723344834,0.00310138,-0.166311296,
-0.122601176,0,0.3048,-0.723344834,0.00310138,-0.498370466,
0.083648232,0,0.3048,-0.723344834,0.00310138,-0.65497479,
0.353358996,0,0.3048,-0.723344834,0.00310138,-0.813029155,
0.670665777,0,0.3048,-0.723344834,0.00310138,-1.021834921,
1.083164592,0,0.3048,-0.723344834,0.00310138,-1.248041168,
1.62258612,0,0.3048,-0.723344834,0.00310138,-1.458296974,
2.257199682,0,0.3048,-0.723344834,0.00310138,-1.841107545,
3.050466635,0,0.3048,-0.723344834,0.00310138,-2.206517636,
-0.852406772,0,0.3048,-1.230808957,0.00331266,-1.1079673,
-0.836541433,0,0.3048,-1.230808957,0.00331266,-0.904961694,
-0.815916492,0,0.3048,-1.230808957,0.00331266,-0.300294996,
-0.788945416,0,0.3048,-1.230808957,0.00331266,0.030314134,
-0.757214738,0,0.3048,-1.230808957,0.00331266,0.359473224,
-0.715964856,0,0.3048,-1.230808957,0.00331266,0.617580351,
-0.662022703,0,0.3048,-1.230808957,0.00331266,0.637880912,
-0.598561347,0,0.3048,-1.230808957,0.00331266,0.366723424,
-0.519234652,0,0.3048,-1.230808957,0.00331266,-0.069738629,
-0.408177279,0,0.3048,-1.230808957,0.00331266,-0.358296598,
-0.281254566,0,0.3048,-1.230808957,0.00331266,-0.356846557,
-0.122601176,0,0.3048,-1.230808957,0.00331266,-0.591753044,
0.083648232,0,0.3048,-1.230808957,0.00331266,-0.826659531,
0.353358996,0,0.3048,-1.230808957,0.00331266,-0.970213495,
0.670665777,0,0.3048,-1.230808957,0.00331266,-1.332723506,
1.083164592,0,0.3048,-1.230808957,0.00331266,-1.603880994,
1.62258612,0,0.3048,-1.230808957,0.00331266,-2.076594048,
2.257199682,0,0.3048,-1.230808957,0.00331266,-2.402853057,
-0.662022703,1.5,0.3048,1.312935258,0.00336729,0.331487451,
-0.598561347,1.5,0.3048,1.312935258,0.00336729,0.167632926,
-0.519234652,1.5,0.3048,1.312935258,0.00336729,0.150232445,
-0.408177279,1.5,0.3048,1.312935258,0.00336729,0.260435489,
-0.281254566,1.5,0.3048,1.312935258,0.00336729,0.261885529,
-0.122601176,1.5,0.3048,1.312935258,0.00336729,-0.046973,
0.083648232,1.5,0.3048,1.312935258,0.00336729,-0.209377485,
0.353358996,1.5,0.3048,1.312935258,0.00336729,-0.445734012,
0.670665777,1.5,0.3048,1.312935258,0.00336729,-0.754592541,
1.083164592,1.5,0.3048,1.312935258,0.00336729,-0.973548588,
1.62258612,1.5,0.3048,1.312935258,0.00336729,-1.372309599,
2.257199682,1.5,0.3048,1.312935258,0.00336729,-1.644917127,
3.050466635,1.5,0.3048,1.312935258,0.00336729,-2.264084225,
4.161040369,1.5,0.3048,1.312935258,0.00336729,-2.646894797,
-0.815916492,1.5,0.3048,-0.723344834,0.00392107,-0.432828656,
-0.788945416,1.5,0.3048,-0.723344834,0.00392107,-0.121070047,
-0.757214738,1.5,0.3048,-0.723344834,0.00392107,0.264640605,
-0.715964856,1.5,0.3048,-0.723344834,0.00392107,0.503897212,
-0.662022703,1.5,0.3048,-0.723344834,0.00392107,0.579299294,
-0.598561347,1.5,0.3048,-0.723344834,0.00392107,0.398044289,
-0.519234652,1.5,0.3048,-0.723344834,0.00392107,0.054384799,
-0.408177279,1.5,0.3048,-0.723344834,0.00392107,-0.380627214,
-0.281254566,1.5,0.3048,-0.723344834,0.00392107,-0.396577655,
-0.122601176,1.5,0.3048,-0.723344834,0.00392107,-0.558982139,
0.083648232,1.5,0.3048,-0.723344834,0.00392107,-0.830139627,
0.353358996,1.5,0.3048,-0.723344834,0.00392107,-1.028795113,
0.670665777,1.5,0.3048,-0.723344834,0.00392107,-1.24630112,
1.083164592,1.5,0.3048,-0.723344834,0.00392107,-1.462357086,
1.62258612,1.5,0.3048,-0.723344834,0.00392107,-1.824867097,
2.257199682,1.5,0.3048,-0.723344834,0.00392107,-2.29758015,
3.050466635,1.5,0.3048,-0.723344834,0.00392107,-2.715191683,
-0.788945416,3,0.3048,1.312935258,0.00425727,0.395579221,
-0.757214738,3,0.3048,1.312935258,0.00425727,0.524632784,
-0.715964856,3,0.3048,1.312935258,0.00425727,0.655136388,
-0.662022703,3,0.3048,1.312935258,0.00425727,0.675436949,
-0.598561347,3,0.3048,1.312935258,0.00425727,0.604384987,
-0.519234652,3,0.3048,1.312935258,0.00425727,0.405729501,
-0.408177279,3,0.3048,1.312935258,0.00425727,0.243325016,
-0.281254566,3,0.3048,1.312935258,0.00425727,0.099771052,
-0.122601176,3,0.3048,1.312935258,0.00425727,-0.117734954,
0.083648232,3,0.3048,1.312935258,0.00425727,-0.481695005,
0.353358996,3,0.3048,1.312935258,0.00425727,-0.66295001,
0.670665777,3,0.3048,1.312935258,0.00425727,-0.97180854,
1.083164592,3,0.3048,1.312935258,0.00425727,-1.261816548,
1.62258612,3,0.3048,1.312935258,0.00425727,-1.479322554,
2.257199682,3,0.3048,1.312935258,0.00425727,-2.118790213,
-0.788945416,3,0.3048,0.298007011,0.00452492,0.191848595,
-0.757214738,3,0.3048,0.298007011,0.00452492,0.484756683,
-0.715964856,3,0.3048,0.298007011,0.00452492,0.686312249,
-0.662022703,3,0.3048,0.298007011,0.00452492,0.741413771,
-0.598561347,3,0.3048,0.298007011,0.00452492,0.651511288,
-0.519234652,3,0.3048,0.298007011,0.00452492,0.36150328,
-0.408177279,3,0.3048,0.298007011,0.00452492,-0.057558293,
-0.281254566,3,0.3048,0.298007011,0.00452492,-0.256213779,
-0.122601176,3,0.3048,0.298007011,0.00452492,-0.347566301,
0.083648232,3,0.3048,0.298007011,0.00452492,-0.673825311,
0.353358996,3,0.3048,0.298007011,0.00452492,-0.891331317,
0.670665777,3,0.3048,0.298007011,0.00452492,-1.091436843,
1.083164592,3,0.3048,0.298007011,0.00452492,-1.32779337,
1.62258612,3,0.3048,0.298007011,0.00452492,-1.600400898,
2.257199682,3,0.3048,0.298007011,0.00452492,-1.836757425,
-0.815916492,3,0.3048,-0.723344834,0.00495741,-0.220977806,
-0.788945416,3,0.3048,-0.723344834,0.00495741,0.092230844,
-0.757214738,3,0.3048,-0.723344834,0.00495741,0.405439493,
-0.715964856,3,0.3048,-0.723344834,0.00495741,0.64614614,
-0.662022703,3,0.3048,-0.723344834,0.00495741,0.683847181,
-0.598561347,3,0.3048,-0.723344834,0.00495741,0.504042216,
-0.519234652,3,0.3048,-0.723344834,0.00495741,0.140082165,
-0.408177279,3,0.3048,-0.723344834,0.00495741,-0.297829928,
-0.281254566,3,0.3048,-0.723344834,0.00495741,-0.624088937,
-0.122601176,3,0.3048,-0.723344834,0.00495741,-0.677740419,
0.083648232,3,0.3048,-0.723344834,0.00495741,-0.857545384,
0.353358996,3,0.3048,-0.723344834,0.00495741,-1.166403913,
0.670665777,3,0.3048,-0.723344834,0.00495741,-1.311407917,
1.083164592,3,0.3048,-0.723344834,0.00495741,-1.565164925,
1.62258612,3,0.3048,-0.723344834,0.00495741,-2.056728499,
-0.815916492,3,0.3048,-1.230808957,0.00529514,-0.249108582,
-0.788945416,3,0.3048,-1.230808957,0.00529514,0.081500547,
-0.757214738,3,0.3048,-1.230808957,0.00529514,0.393259156,
-0.715964856,3,0.3048,-1.230808957,0.00529514,0.560013761,
-0.662022703,3,0.3048,-1.230808957,0.00529514,0.561463801,
-0.598561347,3,0.3048,-1.230808957,0.00529514,0.290306313,
-0.519234652,3,0.3048,-1.230808957,0.00529514,0.000298305,
-0.408177279,3,0.3048,-1.230808957,0.00529514,-0.398462707,
-0.281254566,3,0.3048,-1.230808957,0.00529514,-0.688470715,
-0.122601176,3,0.3048,-1.230808957,0.00529514,-0.759522677,
0.083648232,3,0.3048,-1.230808957,0.00529514,-0.975578644,
0.353358996,3,0.3048,-1.230808957,0.00529514,-1.338088654,
0.670665777,3,0.3048,-1.230808957,0.00529514,-1.591845662,
1.083164592,3,0.3048,-1.230808957,0.00529514,-2.192162239,
-0.836541433,4,0.3048,1.312935258,0.00497773,0.22606954,
-0.815916492,4,0.3048,1.312935258,0.00497773,0.484176667,
-0.788945416,4,0.3048,1.312935258,0.00497773,0.687182273,
-0.757214738,4,0.3048,1.312935258,0.00497773,0.852486838,
-0.715964856,4,0.3048,1.312935258,0.00497773,0.982990442,
-0.662022703,4,0.3048,1.312935258,0.00497773,1.003291002,
-0.598561347,4,0.3048,1.312935258,0.00497773,0.895988039,
-0.519234652,4,0.3048,1.312935258,0.00497773,0.661081552,
-0.408177279,4,0.3048,1.312935258,0.00497773,0.262320541,
-0.281254566,4,0.3048,1.312935258,0.00497773,-0.063938469,
-0.122601176,4,0.3048,1.312935258,0.00497773,-0.153840952,
0.083648232,4,0.3048,1.312935258,0.00497773,-0.44384896,
0.353358996,4,0.3048,1.312935258,0.00497773,-0.76865793,
0.670665777,4,0.3048,1.312935258,0.00497773,-1.022414937,
1.083164592,4,0.3048,1.312935258,0.00497773,-1.257321424,
1.62258612,4,0.3048,1.312935258,0.00497773,-1.619831435,
2.257199682,4,0.3048,1.312935258,0.00497773,-2.020042486,
3.050466635,4,0.3048,1.312935258,0.00497773,-2.527556501,
-0.836541433,4,0.3048,-0.723344834,0.00579636,-0.187481881,
-0.815916492,4,0.3048,-0.723344834,0.00579636,0.291031334,
-0.788945416,4,0.3048,-0.723344834,0.00579636,0.550588501,
-0.757214738,4,0.3048,-0.723344834,0.00579636,0.773894668,
-0.715964856,4,0.3048,-0.723344834,0.00579636,0.904398271,
-0.662022703,4,0.3048,-0.723344834,0.00579636,0.85364687,
-0.598561347,4,0.3048,-0.723344834,0.00579636,0.563638861,
-0.519234652,4,0.3048,-0.723344834,0.00579636,0.218529331,
-0.408177279,4,0.3048,-0.723344834,0.00579636,-0.235333202,
-0.281254566,4,0.3048,-0.723344834,0.00579636,-0.561592211,
-0.122601176,4,0.3048,-0.723344834,0.00579636,-0.667445135,
0.083648232,4,0.3048,-0.723344834,0.00579636,-0.883501101,
0.353358996,4,0.3048,-0.723344834,0.00579636,-1.301112633,
0.670665777,4,0.3048,-0.723344834,0.00579636,-1.609971162,
-0.519234652,0,0.2286,1.312935258,0.00214345,0.479681543,
-0.408177279,0,0.2286,1.312935258,0.00214345,0.623235507,
-0.281254566,0,0.2286,1.312935258,0.00214345,0.494181943,
-0.122601176,0,0.2286,1.312935258,0.00214345,0.510132384,
0.083648232,0,0.2286,1.312935258,0.00214345,0.434730302,
0.353358996,0,0.2286,1.312935258,0.00214345,0.143272253,
0.670665777,0,0.2286,1.312935258,0.00214345,-0.077133833,
1.083164592,0,0.2286,1.312935258,0.00214345,-0.404842883,
1.62258612,0,0.2286,1.312935258,0.00214345,-0.98775898,
2.257199682,0,0.2286,1.312935258,0.00214345,-0.97180854,
3.050466635,0,0.2286,1.312935258,0.00214345,-1.045760582,
4.161040369,0,0.2286,1.312935258,0.00214345,-1.428571153,
5.430267493,0,0.2286,1.312935258,0.00214345,-1.502523195,
-0.815916492,0,0.2286,0.298007011,0.00229336,-0.76793291,
-0.788945416,0,0.2286,0.298007011,0.00229336,-0.460524421,
-0.757214738,0,0.2286,0.298007011,0.00229336,-0.153115932,
-0.715964856,0,0.2286,0.298007011,0.00229336,0.191993599,
-0.662022703,0,0.2286,0.298007011,0.00229336,0.390649084,
-0.598561347,0,0.2286,0.298007011,0.00229336,0.500852128,
-0.519234652,0,0.2286,0.298007011,0.00229336,0.445750606,
-0.408177279,0,0.2286,0.298007011,0.00229336,0.283346121,
-0.281254566,0,0.2286,0.298007011,0.00229336,0.24709512,
-0.122601176,0,0.2286,0.298007011,0.00229336,0.24709512,
0.083648232,0,0.2286,0.298007011,0.00229336,0.046989594,
0.353358996,0,0.2286,0.298007011,0.00229336,-0.206767413,
0.670665777,0,0.2286,0.298007011,0.00229336,-0.351771417,
1.083164592,0,0.2286,0.298007011,0.00229336,-0.931787434,
-0.815916492,0,0.2286,-0.723344834,0.00253511,-0.548251843,
-0.788945416,0,0.2286,-0.723344834,0.00253511,-0.184291792,
-0.757214738,0,0.2286,-0.723344834,0.00253511,0.197068739,
-0.715964856,0,0.2286,-0.723344834,0.00253511,0.561028789,
-0.662022703,0,0.2286,-0.723344834,0.00253511,0.778534796,
-0.598561347,0,0.2286,-0.723344834,0.00253511,0.811885717,
-0.519234652,0,0.2286,-0.723344834,0.00253511,0.661081552,
-0.408177279,0,0.2286,-0.723344834,0.00253511,0.327572343,
-0.281254566,0,0.2286,-0.723344834,0.00253511,0.068015175,
-0.122601176,0,0.2286,-0.723344834,0.00253511,0.027414054,
0.083648232,0,0.2286,-0.723344834,0.00253511,-0.030587548,
0.353358996,0,0.2286,-0.723344834,0.00253511,-0.198792193,
0.670665777,0,0.2286,-0.723344834,0.00253511,-0.385847358,
1.083164592,0,0.2286,-0.723344834,0.00253511,-1.068816218,
-0.815916492,0,0.2286,-1.230808957,0.0027238,-0.614953685,
-0.788945416,0,0.2286,-1.230808957,0.0027238,-0.174141512,
-0.757214738,0,0.2286,-1.230808957,0.0027238,0.266670661,
-0.715964856,0,0.2286,-1.230808957,0.0027238,0.671231833,
-0.662022703,0,0.2286,-1.230808957,0.0027238,0.853936878,
-0.598561347,0,0.2286,-1.230808957,0.0027238,0.835086357,
-0.519234652,0,0.2286,-1.230808957,0.0027238,0.57552919,
-0.408177279,0,0.2286,-1.230808957,0.0027238,0.114416456,
-0.281254566,0,0.2286,-1.230808957,0.0027238,-0.200242233,
-0.122601176,0,0.2286,-1.230808957,0.0027238,-0.201692273,
0.083648232,0,0.2286,-1.230808957,0.0027238,-0.201692273,
0.353358996,0,0.2286,-1.230808957,0.0027238,-0.406147919,
0.670665777,0,0.2286,-1.230808957,0.0027238,-0.628004045,
1.083164592,0,0.2286,-1.230808957,0.0027238,-1.163068821,
-0.788945416,2,0.2286,1.312935258,0.00293031,0.040609418,
-0.757214738,2,0.2286,1.312935258,0.00293031,0.239264904,
-0.715964856,2,0.2286,1.312935258,0.00293031,0.365418388,
-0.662022703,2,0.2286,1.312935258,0.00293031,0.490121831,
-0.598561347,2,0.2286,1.312935258,0.00293031,0.597424794,
-0.519234652,2,0.2286,1.312935258,0.00293031,0.577124234,
-0.408177279,2,0.2286,1.312935258,0.00293031,0.42922015,
-0.281254566,2,0.2286,1.312935258,0.00293031,0.298716546,
-0.122601176,2,0.2286,1.312935258,0.00293031,0.314666986,
0.083648232,2,0.2286,1.312935258,0.00293031,0.185613422,
0.353358996,2,0.2286,1.312935258,0.00293031,-0.108744706,
0.670665777,2,0.2286,1.312935258,0.00293031,-0.292899792,
1.083164592,2,0.2286,1.312935258,0.00293031,-0.58725792,
1.62258612,2,0.2286,1.312935258,0.00293031,-1.281827101,
2.257199682,2,0.2286,1.312935258,0.00293031,-1.703788753,
-0.788945416,2,0.2286,0.298007011,0.00313525,-0.36888189,
-0.757214738,2,0.2286,0.298007011,0.00313525,-0.02087228,
-0.715964856,2,0.2286,0.298007011,0.00313525,0.290886329,
-0.662022703,2,0.2286,0.298007011,0.00313525,0.530142937,
-0.598561347,2,0.2286,0.298007011,0.00313525,0.604094979,
-0.519234652,2,0.2286,0.298007011,0.00313525,0.569294018,
-0.408177279,2,0.2286,0.298007011,0.00313525,0.277835969,
-0.281254566,2,0.2286,0.298007011,0.00313525,-0.0324726,
-0.122601176,2,0.2286,0.298007011,0.00313525,-0.141225603,
0.083648232,2,0.2286,0.298007011,0.00313525,-0.158626084,
0.353358996,2,0.2286,0.298007011,0.00313525,-0.37758213,
0.670665777,2,0.2286,0.298007011,0.00313525,-0.632789178,
1.083164592,2,0.2286,0.298007011,0.00313525,-0.887996225,
-0.815916492,2,0.2286,-0.723344834,0.00346574,-0.681365519,
-0.788945416,2,0.2286,-0.723344834,0.00346574,-0.38990747,
-0.757214738,2,0.2286,-0.723344834,0.00346574,0.046554582,
-0.715964856,2,0.2286,-0.723344834,0.00346574,0.374263632,
-0.662022703,2,0.2286,-0.723344834,0.00346574,0.609170119,
-0.598561347,2,0.2286,-0.723344834,0.00346574,0.625120559,
-0.519234652,2,0.2286,-0.723344834,0.00346574,0.496066996,
-0.408177279,2,0.2286,-0.723344834,0.00346574,0.145157305,
-0.281254566,2,0.2286,-0.723344834,0.00346574,-0.295654868,
-0.122601176,2,0.2286,-0.723344834,0.00346574,-0.498660474,
0.083648232,2,0.2286,-0.723344834,0.00346574,-0.465309553,
0.353358996,2,0.2286,-0.723344834,0.00346574,-0.668315159,
0.670665777,2,0.2286,-0.723344834,0.00346574,-0.871320765,
1.083164592,2,0.2286,-0.723344834,0.00346574,-1.220780415,
-0.815916492,2,0.2286,-1.230808957,0.00372371,-0.679915479,
-0.788945416,2,0.2286,-1.230808957,0.00372371,-0.205752385,
-0.757214738,2,0.2286,-1.230808957,0.00372371,0.266960669,
-0.715964856,2,0.2286,-1.230808957,0.00372371,0.612070199,
-0.662022703,2,0.2286,-1.230808957,0.00372371,0.793325204,
-0.598561347,2,0.2286,-1.230808957,0.00372371,0.793325204,
-0.519234652,2,0.2286,-1.230808957,0.00372371,0.556968677,
-0.408177279,2,0.2286,-1.230808957,0.00372371,0.139357145,
-0.281254566,2,0.2286,-1.230808957,0.00372371,-0.260853907,
-0.122601176,2,0.2286,-1.230808957,0.00372371,-0.497210434,
0.083648232,2,0.2286,-1.230808957,0.00372371,-0.479809953,
0.353358996,2,0.2286,-1.230808957,0.00372371,-0.624813957,
0.670665777,2,0.2286,-1.230808957,0.00372371,-0.952523007,
1.083164592,2,0.2286,-1.230808957,0.00372371,-1.40638554,
-0.757214738,4,0.2286,1.312935258,0.00400603,0.278705993,
-0.715964856,4,0.2286,1.312935258,0.00400603,0.609315123,
-0.662022703,4,0.2286,1.312935258,0.00400603,0.84857173,
-0.598561347,4,0.2286,1.312935258,0.00400603,0.996475814,
-0.519234652,4,0.2286,1.312935258,0.00400603,0.997925854,
-0.408177279,4,0.2286,1.312935258,0.00400603,0.671666845,
-0.281254566,4,0.2286,1.312935258,0.00400603,0.200403831,
-0.122601176,4,0.2286,1.312935258,0.00400603,-0.072203697,
0.083648232,4,0.2286,1.312935258,0.00400603,-0.105554618,
0.353358996,4,0.2286,1.312935258,0.00400603,-0.450664148,
0.670665777,4,0.2286,1.312935258,0.00400603,-0.539116591,
1.083164592,4,0.2286,1.312935258,0.00400603,-0.901626601,
1.62258612,4,0.2286,1.312935258,0.00400603,-1.738299706,
2.257199682,4,0.2286,1.312935258,0.00400603,-1.700598665,
3.050466635,4,0.2286,1.312935258,0.00400603,-1.53384406,
4.161040369,4,0.2286,1.312935258,0.00400603,-1.749900026,
5.430267493,4,0.2286,1.312935258,0.00400603,-2.20376256,
-0.788945416,4,0.2286,0.298007011,0.0042862,-0.226487958,
-0.757214738,4,0.2286,0.298007011,0.0042862,0.35932822,
-0.715964856,4,0.2286,0.298007011,0.0042862,0.743588831,
-0.662022703,4,0.2286,0.298007011,0.0042862,1.019096439,
-0.598561347,4,0.2286,0.298007011,0.0042862,1.05824752,
-0.519234652,4,0.2286,0.298007011,0.0042862,0.932094036,
-0.408177279,4,0.2286,0.298007011,0.0042862,0.497082024,
-0.281254566,4,0.2286,0.298007011,0.0042862,-0.084384034,
-0.122601176,4,0.2286,0.298007011,0.0042862,-0.355541521,
0.083648232,4,0.2286,0.298007011,0.0042862,-0.354091481,
0.353358996,4,0.2286,0.298007011,0.0042862,-0.606398449,
0.670665777,4,0.2286,0.298007011,0.0042862,-0.696300931,
1.083164592,4,0.2286,0.298007011,0.0042862,-1.113912464,
1.62258612,4,0.2286,0.298007011,0.0042862,-1.785281003,
-0.815916492,4,0.2286,-0.723344834,0.00473801,-0.378017142,
-0.788945416,4,0.2286,-0.723344834,0.00473801,-0.138760535,
-0.757214738,4,0.2286,-0.723344834,0.00473801,0.319452118,
-0.715964856,4,0.2286,-0.723344834,0.00473801,0.687762289,
-0.662022703,4,0.2286,-0.723344834,0.00473801,0.816815853,
-0.598561347,4,0.2286,-0.723344834,0.00473801,0.744313851,
-0.519234652,4,0.2286,-0.723344834,0.00473801,0.507957324,
-0.408177279,4,0.2286,-0.723344834,0.00473801,0.070045231,
-0.281254566,4,0.2286,-0.723344834,0.00473801,-0.460669425,
-0.122601176,4,0.2286,-0.723344834,0.00473801,-0.752127473,
0.083648232,4,0.2286,-0.723344834,0.00473801,-0.64047439,
0.353358996,4,0.2286,-0.723344834,0.00473801,-0.823179435,
0.670665777,4,0.2286,-0.723344834,0.00473801,-1.042135482,
1.083164592,4,0.2286,-0.723344834,0.00473801,-1.535149096,
1.62258612,4,0.2286,-0.723344834,0.00473801,-1.697553581,
-0.836541433,4,0.2286,-1.230808957,0.00509068,-0.673825311,
-0.815916492,4,0.2286,-1.230808957,0.00509068,-0.177911616,
-0.788945416,4,0.2286,-1.230808957,0.00509068,0.190398555,
-0.757214738,4,0.2286,-1.230808957,0.00509068,0.594959726,
-0.715964856,4,0.2286,-1.230808957,0.00509068,0.799415372,
-0.662022703,4,0.2286,-1.230808957,0.00509068,0.874817455,
-0.598561347,4,0.2286,-1.230808957,0.00509068,0.72981345,
-0.519234652,4,0.2286,-1.230808957,0.00509068,0.476056443,
-0.408177279,4,0.2286,-1.230808957,0.00509068,0.056994871,
-0.281254566,4,0.2286,-1.230808957,0.00509068,-0.398317703,
-0.122601176,4,0.2286,-1.230808957,0.00509068,-0.670925231,
0.083648232,4,0.2286,-1.230808957,0.00509068,-0.668025151,
0.353358996,4,0.2286,-1.230808957,0.00509068,-0.866680636,
0.670665777,4,0.2286,-1.230808957,0.00509068,-1.285742209,
1.083164592,4,0.2286,-1.230808957,0.00509068,-1.759905303,
-0.788945416,5.3,0.2286,1.312935258,0.0051942,0.415299765,
-0.757214738,5.3,0.2286,1.312935258,0.0051942,0.731408494,
-0.715964856,5.3,0.2286,1.312935258,0.0051942,1.009816183,
-0.662022703,5.3,0.2286,1.312935258,0.0051942,1.25342291,
-0.598561347,5.3,0.2286,1.312935258,0.0051942,1.328824992,
-0.519234652,5.3,0.2286,1.312935258,0.0051942,1.238922509,
-0.408177279,5.3,0.2286,1.312935258,0.0051942,0.815510817,
-0.281254566,5.3,0.2286,1.312935258,0.0051942,0.152842517,
-0.122601176,5.3,0.2286,1.312935258,0.0051942,-0.158916092,
0.083648232,5.3,0.2286,1.312935258,0.0051942,-0.248818574,
0.353358996,5.3,0.2286,1.312935258,0.0051942,-0.653379746,
0.670665777,5.3,0.2286,1.312935258,0.0051942,-0.983988876,
1.083164592,5.3,0.2286,1.312935258,0.0051942,-1.147843401,
1.62258612,5.3,0.2286,1.312935258,0.0051942,-1.440751489,
2.257199682,5.3,0.2286,1.312935258,0.0051942,-1.955515704,
-0.836541433,5.3,0.2286,-0.723344834,0.00614329,0.315392006,
-0.815916492,5.3,0.2286,-0.723344834,0.00614329,0.704002738,
-0.788945416,5.3,0.2286,-0.723344834,0.00614329,0.925858864,
-0.757214738,5.3,0.2286,-0.723344834,0.00614329,1.075212988,
-0.715964856,5.3,0.2286,-0.723344834,0.00614329,1.040412027,
-0.662022703,5.3,0.2286,-0.723344834,0.00614329,0.675001937,
-0.598561347,5.3,0.2286,-0.723344834,0.00614329,0.10803628,
-0.519234652,5.3,0.2286,-0.723344834,0.00614329,0.128336841,
-0.408177279,5.3,0.2286,-0.723344834,0.00614329,-0.25447373,
-0.281254566,5.3,0.2286,-0.723344834,0.00614329,-1.004144432,
-0.122601176,5.3,0.2286,-0.723344834,0.00614329,-1.25935148,
0.083648232,5.3,0.2286,-0.723344834,0.00614329,-0.92729231,
0.353358996,5.3,0.2286,-0.723344834,0.00614329,-1.310102881,
0.670665777,5.3,0.2286,-0.723344834,0.00614329,-1.381154844,
1.083164592,5.3,0.2286,-0.723344834,0.00614329,-1.782815935,
-0.852406772,7.3,0.2286,1.312935258,0.0104404,2.018754044,
-0.836541433,7.3,0.2286,1.312935258,0.0104404,2.186958689,
-0.815916492,7.3,0.2286,1.312935258,0.0104404,2.171008249,
-0.788945416,7.3,0.2286,1.312935258,0.0104404,2.117356767,
-0.757214738,7.3,0.2286,1.312935258,0.0104404,1.734546196,
-0.715964856,7.3,0.2286,1.312935258,0.0104404,1.295184063,
-0.662022703,7.3,0.2286,1.312935258,0.0104404,0.85727197,
-0.598561347,7.3,0.2286,1.312935258,0.0104404,0.290306313,
-0.519234652,7.3,0.2286,1.312935258,0.0104404,0.365708396,
-0.408177279,7.3,0.2286,1.312935258,0.0104404,0.129351869,
-0.281254566,7.3,0.2286,1.312935258,0.0104404,-0.308560224,
-0.122601176,7.3,0.2286,1.312935258,0.0104404,-0.398462707,
0.083648232,7.3,0.2286,1.312935258,0.0104404,-0.634819234,
0.353358996,7.3,0.2286,1.312935258,0.0104404,-0.816074239,
0.670665777,7.3,0.2286,1.312935258,0.0104404,-1.383039896,
1.083164592,7.3,0.2286,1.312935258,0.0104404,-1.307637813,
-0.852406772,7.3,0.2286,0.298007011,0.0111706,1.507759933,
-0.836541433,7.3,0.2286,0.298007011,0.0111706,1.674514538,
-0.815916492,7.3,0.2286,0.298007011,0.0111706,1.660014138,
-0.788945416,7.3,0.2286,0.298007011,0.0111706,1.607812696,
-0.757214738,7.3,0.2286,0.298007011,0.0111706,1.209051684,
-0.715964856,7.3,0.2286,0.298007011,0.0111706,0.884242715,
-0.662022703,7.3,0.2286,0.298007011,0.0111706,0.523182744,
-0.598561347,7.3,0.2286,0.298007011,0.0111706,0.05191973,
-0.519234652,7.3,0.2286,0.298007011,0.0111706,0.128771853,
-0.408177279,7.3,0.2286,0.298007011,0.0111706,-0.214887637,
-0.281254566,7.3,0.2286,0.298007011,0.0111706,-0.64989965,
-0.122601176,7.3,0.2286,0.298007011,0.0111706,-0.847105096,
0.083648232,7.3,0.2286,0.298007011,0.0111706,-1.116812544,
0.353358996,7.3,0.2286,0.298007011,0.0111706,-1.095061943,
0.670665777,7.3,0.2286,0.298007011,0.0111706,-1.695378521,
1.083164592,7.3,0.2286,0.298007011,0.0111706,-1.928834968,
-0.852406772,7.3,0.2286,-0.723344834,0.0123481,0.892217935,
-0.836541433,7.3,0.2286,-0.723344834,0.0123481,1.022721539,
-0.815916492,7.3,0.2286,-0.723344834,0.0123481,1.06042258,
-0.788945416,7.3,0.2286,-0.723344834,0.0123481,1.04447214,
-0.757214738,7.3,0.2286,-0.723344834,0.0123481,0.792165172,
-0.715964856,7.3,0.2286,-0.723344834,0.0123481,0.593509686,
-0.662022703,7.3,0.2286,-0.723344834,0.0123481,0.212149155,
-0.598561347,7.3,0.2286,-0.723344834,0.0123481,-0.333065901,
-0.519234652,7.3,0.2286,-0.723344834,0.0123481,-0.238813298,
-0.408177279,7.3,0.2286,-0.723344834,0.0123481,-0.547671827,
-0.281254566,7.3,0.2286,-0.723344834,0.0123481,-1.018934841,
-0.122601176,7.3,0.2286,-0.723344834,0.0123481,-1.200189846,
0.083648232,7.3,0.2286,-0.723344834,0.0123481,-1.526448856,
0.353358996,7.3,0.2286,-0.723344834,0.0123481,-1.559799777,
0.670665777,7.3,0.2286,-0.723344834,0.0123481,-1.867208266,
1.083164592,7.3,0.2286,-0.723344834,0.0123481,-2.029612751,
-0.852406772,7.3,0.2286,-1.230808957,0.0132672,0.557258685,
-0.836541433,7.3,0.2286,-1.230808957,0.0132672,0.761714331,
-0.815916492,7.3,0.2286,-1.230808957,0.0132672,0.783464932,
-0.788945416,7.3,0.2286,-1.230808957,0.0132672,0.787815052,
-0.757214738,7.3,0.2286,-1.230808957,0.0132672,0.483306643,
-0.715964856,7.3,0.2286,-1.230808957,0.0132672,0.196198715,
-0.662022703,7.3,0.2286,-1.230808957,0.0132672,-0.235913218,
-0.598561347,7.3,0.2286,-1.230808957,0.0132672,-0.831879675,
-0.519234652,7.3,0.2286,-1.230808957,0.0132672,-0.627424029,
-0.408177279,7.3,0.2286,-1.230808957,0.0132672,-0.840579916,
-0.281254566,7.3,0.2286,-1.230808957,0.0132672,-1.381444852,
-0.122601176,7.3,0.2286,-1.230808957,0.0132672,-1.468447254,
0.083648232,7.3,0.2286,-1.230808957,0.0132672,-1.68305318,
0.353358996,7.3,0.2286,-1.230808957,0.0132672,-1.768605543,
0.670665777,7.3,0.2286,-1.230808957,0.0132672,-2.00206199,
1.083164592,7.3,0.2286,-1.230808957,0.0132672,-2.051363351,
-0.662022703,0,0.1524,1.312935258,0.0015988,0.142257225,
-0.598561347,0,0.1524,1.312935258,0.0015988,0.358313191,
-0.519234652,0,0.1524,1.312935258,0.0015988,0.593219678,
-0.408177279,0,0.1524,1.312935258,0.0015988,0.700522642,
-0.281254566,0,0.1524,1.312935258,0.0015988,0.552618557,
-0.122601176,0,0.1524,1.312935258,0.0015988,0.477216475,
0.083648232,0,0.1524,1.312935258,0.0015988,0.65847148,
0.353358996,0,0.1524,1.312935258,0.0015988,0.583069398,
0.670665777,0,0.1524,1.312935258,0.0015988,0.235059788,
1.083164592,0,0.1524,1.312935258,0.0015988,0.085705663,
1.62258612,0,0.1524,1.312935258,0.0015988,-0.334805949,
2.257199682,0,0.1524,1.312935258,0.0015988,-0.665415079,
3.050466635,0,0.1524,1.312935258,0.0015988,-1.123627732,
4.161040369,0,0.1524,1.312935258,0.0015988,-1.673192908,
-0.757214738,0,0.1524,0.298007011,0.00172668,-0.618143773,
-0.715964856,0,0.1524,0.298007011,0.00172668,-0.18168172,
-0.662022703,0,0.1524,0.298007011,0.00172668,0.272180813,
-0.598561347,0,0.1524,0.298007011,0.00172668,0.543338301,
-0.519234652,0,0.1524,0.298007011,0.00172668,0.741993787,
-0.408177279,0,0.1524,0.298007011,0.00172668,0.775344708,
-0.281254566,0,0.1524,0.298007011,0.00172668,0.701392666,
-0.122601176,0,0.1524,0.298007011,0.00172668,0.424435017,
0.083648232,0,0.1524,0.298007011,0.00172668,0.422984977,
0.353358996,0,0.1524,0.298007011,0.00172668,0.347582895,
0.670665777,0,0.1524,0.298007011,0.00172668,0.053224767,
1.083164592,0,0.1524,0.298007011,0.00172668,-0.222282842,
1.62258612,0,0.1524,0.298007011,0.00172668,-0.425288448,
2.257199682,0,0.1524,0.298007011,0.00172668,-0.809549059,
3.050466635,0,0.1524,0.298007011,0.00172668,-1.122757708,
4.161040369,0,0.1524,0.298007011,0.00172668,-1.744824886,
-0.757214738,0,0.1524,-0.723344834,0.00193287,-0.771848018,
-0.715964856,0,0.1524,-0.723344834,0.00193287,-0.062778437,
-0.662022703,0,0.1524,-0.723344834,0.00193287,0.444735578,
-0.598561347,0,0.1524,-0.723344834,0.00193287,0.753594107,
-0.519234652,0,0.1524,-0.723344834,0.00193287,0.897148071,
-0.408177279,0,0.1524,-0.723344834,0.00193287,0.895698031,
-0.281254566,0,0.1524,-0.723344834,0.00193287,0.695592505,
-0.122601176,0,0.1524,-0.723344834,0.00193287,0.293931414,
0.083648232,0,0.1524,-0.723344834,0.00193287,0.111226368,
0.353358996,0,0.1524,-0.723344834,0.00193287,0.073525327,
0.670665777,0,0.1524,-0.723344834,0.00193287,-0.200532241,
1.083164592,0,0.1524,-0.723344834,0.00193287,-0.51084081,
1.62258612,0,0.1524,-0.723344834,0.00193287,-0.621043853,
2.257199682,0,0.1524,-0.723344834,0.00193287,-1.366364435,
-0.757214738,0,0.1524,-1.230808957,0.00209405,-0.466759593,
-0.715964856,0,0.1524,-1.230808957,0.00209405,0.168357946,
-0.662022703,0,0.1524,-1.230808957,0.00209405,0.620770439,
-0.598561347,0,0.1524,-1.230808957,0.00209405,0.891927927,
-0.519234652,0,0.1524,-1.230808957,0.00209405,0.961529849,
-0.408177279,0,0.1524,-1.230808957,0.00209405,0.867277246,
-0.281254566,0,0.1524,-1.230808957,0.00209405,0.590319598,
-0.122601176,0,0.1524,-1.230808957,0.00209405,0.149507425,
0.083648232,0,0.1524,-1.230808957,0.00209405,-0.091199222,
0.353358996,0,0.1524,-1.230808957,0.00209405,-0.149200823,
0.670665777,0,0.1524,-1.230808957,0.00209405,-0.353656469,
1.083164592,0,0.1524,-1.230808957,0.00209405,-0.739367121,
1.62258612,0,0.1524,-1.230808957,0.00209405,-0.997474248,
-0.715964856,2.7,0.1524,1.312935258,0.00243851,0.37237858,
-0.662022703,2.7,0.1524,1.312935258,0.00243851,0.37092854,
-0.598561347,2.7,0.1524,1.312935258,0.00243851,0.571034066,
-0.519234652,2.7,0.1524,1.312935258,0.00243851,0.769689552,
-0.408177279,2.7,0.1524,1.312935258,0.00243851,0.842191554,
-0.281254566,2.7,0.1524,1.312935258,0.00243851,0.765339431,
-0.122601176,2.7,0.1524,1.312935258,0.00243851,0.507232304,
0.083648232,2.7,0.1524,1.312935258,0.00243851,0.321627178,
0.353358996,2.7,0.1524,1.312935258,0.00243851,0.246225096,
0.670665777,2.7,0.1524,1.312935258,0.00243851,-0.068433593,
1.083164592,2.7,0.1524,1.312935258,0.00243851,-0.419343283,
1.62258612,2.7,0.1524,1.312935258,0.00243851,-0.623798929,
2.257199682,2.7,0.1524,1.312935258,0.00243851,-1.176264186,
3.050466635,2.7,0.1524,1.312935258,0.00243851,-1.711328961,
4.161040369,2.7,0.1524,1.312935258,0.00243851,-2.098489653,
-0.757214738,2.7,0.1524,-0.723344834,0.00294804,-0.554922027,
-0.715964856,2.7,0.1524,-0.723344834,0.00294804,0.141097193,
-0.662022703,2.7,0.1524,-0.723344834,0.00294804,0.579009286,
-0.598561347,2.7,0.1524,-0.723344834,0.00294804,0.834216333,
-0.519234652,2.7,0.1524,-0.723344834,0.00294804,0.869017294,
-0.408177279,2.7,0.1524,-0.723344834,0.00294804,0.755914171,
-0.281254566,2.7,0.1524,-0.723344834,0.00294804,0.478956523,
-0.122601176,2.7,0.1524,-0.723344834,0.00294804,0.109196312,
0.083648232,2.7,0.1524,-0.723344834,0.00294804,-0.277964379,
0.353358996,2.7,0.1524,-0.723344834,0.00294804,-0.427318504,
0.670665777,2.7,0.1524,-0.723344834,0.00294804,-0.483870065,
1.083164592,2.7,0.1524,-0.723344834,0.00294804,-0.815929235,
1.62258612,2.7,0.1524,-0.723344834,0.00294804,-1.185689446,
2.257199682,2.7,0.1524,-0.723344834,0.00294804,-1.775855743,
3.050466635,2.7,0.1524,-0.723344834,0.00294804,-2.34717152,
-0.788945416,5.4,0.1524,1.312935258,0.00401199,-0.103669566,
-0.757214738,5.4,0.1524,1.312935258,0.00401199,0.210989123,
-0.715964856,5.4,0.1524,1.312935258,0.00401199,0.599599855,
-0.662022703,5.4,0.1524,1.312935258,0.00401199,0.934559104,
-0.598561347,5.4,0.1524,1.312935258,0.00401199,1.212966793,
-0.519234652,5.4,0.1524,1.312935258,0.00401199,1.344920436,
-0.408177279,5.4,0.1524,1.312935258,0.00401199,1.218766953,
-0.281254566,5.4,0.1524,1.312935258,0.00401199,0.909908424,
-0.122601176,5.4,0.1524,1.312935258,0.00401199,0.399494329,
0.083648232,5.4,0.1524,1.312935258,0.00401199,-0.22112281,
0.353358996,5.4,0.1524,1.312935258,0.00401199,-0.493730338,
0.670665777,5.4,0.1524,1.312935258,0.00401199,-0.692385823,
1.083164592,5.4,0.1524,1.312935258,0.00401199,-1.221650439,
-0.788945416,5.4,0.1524,0.298007011,0.00433288,0.285811189,
-0.757214738,5.4,0.1524,0.298007011,0.00433288,0.65702144,
-0.715964856,5.4,0.1524,0.298007011,0.00433288,1.010831211,
-0.662022703,5.4,0.1524,0.298007011,0.00433288,1.197886376,
-0.598561347,5.4,0.1524,0.298007011,0.00433288,1.057232492,
-0.519234652,5.4,0.1524,0.298007011,0.00433288,0.861477086,
-0.408177279,5.4,0.1524,0.298007011,0.00433288,0.831026245,
-0.281254566,5.4,0.1524,0.298007011,0.00433288,0.561318797,
-0.122601176,5.4,0.1524,0.298007011,0.00433288,-0.110049742,
0.083648232,5.4,0.1524,0.298007011,0.00433288,-0.471109713,
0.353358996,5.4,0.1524,0.298007011,0.00433288,-0.739367121,
0.670665777,5.4,0.1524,0.298007011,0.00433288,-0.881471045,
1.083164592,5.4,0.1524,0.298007011,0.00433288,-1.094626931,
1.62258612,5.4,0.1524,0.298007011,0.00433288,-1.436836381,
-0.815916492,5.4,0.1524,-0.723344834,0.00485029,0.074105343,
-0.788945416,5.4,0.1524,-0.723344834,0.00485029,0.406164513,
-0.757214738,5.4,0.1524,-0.723344834,0.00485029,0.739673723,
-0.715964856,5.4,0.1524,-0.723344834,0.00485029,1.090583413,
-0.662022703,5.4,0.1524,-0.723344834,0.00485029,1.148585015,
-0.598561347,5.4,0.1524,-0.723344834,0.00485029,0.822326005,
-0.519234652,5.4,0.1524,-0.723344834,0.00485029,0.330762431,
-0.408177279,5.4,0.1524,-0.723344834,0.00485029,0.207509027,
-0.281254566,5.4,0.1524,-0.723344834,0.00485029,-0.02739746,
-0.122601176,5.4,0.1524,-0.723344834,0.00485029,-0.629164077,
0.083648232,5.4,0.1524,-0.723344834,0.00485029,-0.826369523,
0.353358996,5.4,0.1524,-0.723344834,0.00485029,-1.116377532,
0.670665777,5.4,0.1524,-0.723344834,0.00485029,-1.130877932,
1.083164592,5.4,0.1524,-0.723344834,0.00485029,-1.183079374,
-0.815916492,5.4,0.1524,-1.230808957,0.00525474,0.131236921,
-0.788945416,5.4,0.1524,-1.230808957,0.00525474,0.427045089,
-0.757214738,5.4,0.1524,-1.230808957,0.00525474,0.702552698,
-0.715964856,5.4,0.1524,-1.230808957,0.00525474,0.962109865,
-0.662022703,5.4,0.1524,-1.230808957,0.00525474,0.965009945,
-0.598561347,5.4,0.1524,-1.230808957,0.00525474,0.493746931,
-0.519234652,5.4,0.1524,-1.230808957,0.00525474,-0.122520087,
-0.408177279,5.4,0.1524,-1.230808957,0.00525474,-0.155871008,
-0.281254566,5.4,0.1524,-1.230808957,0.00525474,-0.299424972,
-0.122601176,5.4,0.1524,-1.230808957,0.00525474,-0.824339467,
0.083648232,5.4,0.1524,-1.230808957,0.00525474,-0.949042911,
0.353358996,5.4,0.1524,-1.230808957,0.00525474,-1.25500136,
0.670665777,5.4,0.1524,-1.230808957,0.00525474,-1.326053322,
1.083164592,5.4,0.1524,-1.230808957,0.00525474,-1.340553722,
-0.815916492,7.2,0.1524,1.312935258,0.00752039,0.562188821,
-0.788945416,7.2,0.1524,1.312935258,0.00752039,0.766644467,
-0.757214738,7.2,0.1524,1.312935258,0.00752039,1.045052156,
-0.715964856,7.2,0.1524,1.312935258,0.00752039,1.452513408,
-0.662022703,7.2,0.1524,1.312935258,0.00752039,1.622168093,
-0.598561347,7.2,0.1524,1.312935258,0.00752039,1.368411085,
-0.519234652,7.2,0.1524,1.312935258,0.00752039,1.113204038,
-0.408177279,7.2,0.1524,1.312935258,0.00752039,0.878297551,
-0.281254566,7.2,0.1524,1.312935258,0.00752039,0.552038541,
-0.122601176,7.2,0.1524,1.312935258,0.00752039,-0.070028637,
0.083648232,7.2,0.1524,1.312935258,0.00752039,-1.167708949,
0.353358996,7.2,0.1524,1.312935258,0.00752039,-0.796498698,
0.670665777,7.2,0.1524,1.312935258,0.00752039,-0.941502703,
1.083164592,7.2,0.1524,1.312935258,0.00752039,-1.19380967,
1.62258612,7.2,0.1524,1.312935258,0.00752039,-1.667972764,
2.257199682,7.2,0.1524,1.312935258,0.00752039,-2.105884857,
-0.836541433,7.2,0.1524,-0.723344834,0.00909175,0.384558916,
-0.815916492,7.2,0.1524,-0.723344834,0.00909175,0.829721209,
-0.788945416,7.2,0.1524,-0.723344834,0.00909175,1.055927456,
-0.757214738,7.2,0.1524,-0.723344834,0.00909175,1.134229618,
-0.715964856,7.2,0.1524,-0.723344834,0.00909175,1.212531781,
-0.662022703,7.2,0.1524,-0.723344834,0.00909175,1.090728417,
-0.598561347,7.2,0.1524,-0.723344834,0.00909175,0.50781232,
-0.519234652,7.2,0.1524,-0.723344834,0.00909175,-0.349161345,
-0.408177279,7.2,0.1524,-0.723344834,0.00909175,-0.692820835,
-0.281254566,7.2,0.1524,-0.723344834,0.00909175,-0.668170155,
-0.122601176,7.2,0.1524,-0.723344834,0.00909175,-1.066931166,
0.083648232,7.2,0.1524,-0.723344834,0.00909175,-1.88765383,
0.353358996,7.2,0.1524,-0.723344834,0.00909175,-1.53384406,
0.670665777,7.2,0.1524,-0.723344834,0.00909175,-1.674497944,
1.083164592,7.2,0.1524,-0.723344834,0.00909175,-1.761500347,
1.62258612,7.2,0.1524,-0.723344834,0.00909175,-1.921004751,
2.257199682,7.2,0.1524,-0.723344834,0.00909175,-2.025407634,
-0.852406772,9.9,0.1524,1.312935258,0.0193001,1.375081269,
-0.836541433,9.9,0.1524,1.312935258,0.0193001,1.521535314,
-0.815916492,9.9,0.1524,1.312935258,0.0193001,1.540385834,
-0.788945416,9.9,0.1524,1.312935258,0.0193001,1.485284313,
-0.757214738,9.9,0.1524,1.312935258,0.0193001,0.934269096,
-0.715964856,9.9,0.1524,1.312935258,0.0193001,0.73271353,
-0.662022703,9.9,0.1524,1.312935258,0.0193001,0.586259486,
-0.598561347,9.9,0.1524,1.312935258,0.0193001,0.219399355,
-0.519234652,9.9,0.1524,1.312935258,0.0193001,-0.31276534,
-0.408177279,9.9,0.1524,1.312935258,0.0193001,-0.441818904,
-0.281254566,9.9,0.1524,1.312935258,0.0193001,-0.588272948,
-0.122601176,9.9,0.1524,1.312935258,0.0193001,-0.753577513,
0.083648232,9.9,0.1524,1.312935258,0.0193001,-1.158138685,
0.353358996,9.9,0.1524,1.312935258,0.0193001,-1.414795773,
0.670665777,9.9,0.1524,1.312935258,0.0193001,-1.488747815,
1.083164592,9.9,0.1524,1.312935258,0.0193001,-1.855607945,
-0.852406772,9.9,0.1524,0.298007011,0.0208438,1.032291803,
-0.836541433,9.9,0.1524,0.298007011,0.0208438,1.217896929,
-0.815916492,9.9,0.1524,0.298007011,0.0208438,1.090293405,
-0.788945416,9.9,0.1524,0.298007011,0.0208438,0.981540402,
-0.757214738,9.9,0.1524,0.298007011,0.0208438,0.431975226,
-0.715964856,9.9,0.1524,0.298007011,0.0208438,0.359473224,
-0.662022703,9.9,0.1524,0.298007011,0.0208438,0.25072022,
-0.598561347,9.9,0.1524,0.298007011,0.0208438,-0.024787388,
-0.519234652,9.9,0.1524,0.298007011,0.0208438,-0.464149521,
-0.408177279,9.9,0.1524,0.298007011,0.0208438,-0.719356568,
-0.281254566,9.9,0.1524,0.298007011,0.0208438,-0.77300805,
-0.122601176,9.9,0.1524,0.298007011,0.0208438,-0.938312615,
0.083648232,9.9,0.1524,0.298007011,0.0208438,-1.413925748,
0.353358996,9.9,0.1524,0.298007011,0.0208438,-1.724234318,
0.670665777,9.9,0.1524,0.298007011,0.0208438,-1.851837841,
1.083164592,9.9,0.1524,0.298007011,0.0208438,-2.070793888,
-0.852406772,9.9,0.1524,-0.723344834,0.0233328,0.359473224,
-0.836541433,9.9,0.1524,-0.723344834,0.0233328,0.507377308,
-0.815916492,9.9,0.1524,-0.723344834,0.0233328,0.545078349,
-0.788945416,9.9,0.1524,-0.723344834,0.0233328,0.508827348,
-0.757214738,9.9,0.1524,-0.723344834,0.0233328,0.289871301,
-0.715964856,9.9,0.1524,-0.723344834,0.0233328,0.23621982,
-0.662022703,9.9,0.1524,-0.723344834,0.0233328,0.218819339,
-0.598561347,9.9,0.1524,-0.723344834,0.0233328,-0.145140711,
-0.519234652,9.9,0.1524,-0.723344834,0.0233328,-0.620753845,
-0.408177279,9.9,0.1524,-0.723344834,0.0233328,-0.912211894,
-0.281254566,9.9,0.1524,-0.723344834,0.0233328,-1.002114376,
-0.122601176,9.9,0.1524,-0.723344834,0.0233328,-1.238470903,
0.083648232,9.9,0.1524,-0.723344834,0.0233328,-1.640131995,
0.353358996,9.9,0.1524,-0.723344834,0.0233328,-1.82283704,
0.670665777,9.9,0.1524,-0.723344834,0.0233328,-1.986691565,
1.083164592,9.9,0.1524,-0.723344834,0.0233328,-2.167946571,
-0.852406772,9.9,0.1524,-1.230808957,0.0252785,0.357153159,
-0.836541433,9.9,0.1524,-1.230808957,0.0252785,0.539858205,
-0.815916492,9.9,0.1524,-1.230808957,0.0252785,0.576109206,
-0.788945416,9.9,0.1524,-1.230808957,0.0252785,0.594959726,
-0.757214738,9.9,0.1524,-1.230808957,0.0252785,0.339752679,
-0.715964856,9.9,0.1524,-1.230808957,0.0252785,0.175898154,
-0.662022703,9.9,0.1524,-1.230808957,0.0252785,0.101946112,
-0.598561347,9.9,0.1524,-1.230808957,0.0252785,-0.389617462,
-0.519234652,9.9,0.1524,-1.230808957,0.0252785,-0.901481597,
-0.408177279,9.9,0.1524,-1.230808957,0.0252785,-1.118987604,
-0.281254566,9.9,0.1524,-1.230808957,0.0252785,-1.156688645,
-0.122601176,9.9,0.1524,-1.230808957,0.0252785,-1.465547174,
0.083648232,9.9,0.1524,-1.230808957,0.0252785,-1.830957265,
0.353358996,9.9,0.1524,-1.230808957,0.0252785,-1.939710268,
0.670665777,9.9,0.1524,-1.230808957,0.0252785,-2.158666314,
1.083164592,9.9,0.1524,-1.230808957,0.0252785,-2.34137136,
-0.852406772,12.6,0.1524,1.312935258,0.0483159,0.510132384,
-0.836541433,12.6,0.1524,1.312935258,0.0483159,0.71168795,
-0.815916492,12.6,0.1524,1.312935258,0.0483159,0.528982904,
-0.788945416,12.6,0.1524,1.312935258,0.0483159,0.327427339,
-0.757214738,12.6,0.1524,1.312935258,0.0483159,-0.459944405,
-0.715964856,12.6,0.1524,1.312935258,0.0483159,-0.222137838,
-0.662022703,12.6,0.1524,1.312935258,0.0483159,-0.258388839,
-0.598561347,12.6,0.1524,1.312935258,0.0483159,-0.404842883,
-0.519234652,12.6,0.1524,1.312935258,0.0483159,-0.678900451,
-0.408177279,12.6,0.1524,1.312935258,0.0483159,-0.623798929,
-0.281254566,12.6,0.1524,1.312935258,0.0483159,-1.063161062,
-0.122601176,12.6,0.1524,1.312935258,0.0483159,-1.392320152,
0.083648232,12.6,0.1524,1.312935258,0.0483159,-1.66782776,
0.353358996,12.6,0.1524,1.312935258,0.0483159,-2.436348982,
0.670665777,12.6,0.1524,1.312935258,0.0483159,-2.436348982,
1.083164592,12.6,0.1524,1.312935258,0.0483159,-2.545101986,
-0.852406772,12.6,0.1524,-0.723344834,0.0584113,-1.46250209,
-0.836541433,12.6,0.1524,-0.723344834,0.0584113,-1.297197525,
-0.815916492,12.6,0.1524,-0.723344834,0.0584113,-1.278347005,
-0.788945416,12.6,0.1524,-0.723344834,0.0584113,-1.294297445,
-0.757214738,12.6,0.1524,-0.723344834,0.0584113,-1.440751489,
-0.715964856,12.6,0.1524,-0.723344834,0.0584113,-1.201494882,
-0.662022703,12.6,0.1524,-0.723344834,0.0584113,-1.200044842,
-0.598561347,12.6,0.1524,-0.723344834,0.0584113,-1.47410241,
-0.519234652,12.6,0.1524,-0.723344834,0.0584113,-1.838062461,
-0.408177279,12.6,0.1524,-0.723344834,0.0584113,-2.038167987,
-0.281254566,12.6,0.1524,-0.723344834,0.0584113,-2.220873032,
-0.122601176,12.6,0.1524,-0.723344834,0.0584113,-2.603683603,
0.083648232,12.6,0.1524,-0.723344834,0.0584113,-2.693586086,
0.353358996,12.6,0.1524,-0.723344834,0.0584113,-2.948793133,
0.670665777,12.6,0.1524,-0.723344834,0.0584113,-3.002444615,
1.083164592,12.6,0.1524,-0.723344834,0.0584113,-3.111197618,
-0.662022703,0,0.0508,1.312935258,0.000740478,0.888012819,
-0.598561347,0,0.0508,1.312935258,0.000740478,0.669056773,
-0.519234652,0,0.0508,1.312935258,0.000740478,0.540003209,
-0.408177279,0,0.0508,1.312935258,0.000740478,0.702407694,
-0.281254566,0,0.0508,1.312935258,0.000740478,0.902513219,
-0.122601176,0,0.0508,1.312935258,0.000740478,0.93876422,
0.083648232,0,0.0508,1.312935258,0.000740478,1.483979276,
0.353358996,0,0.0508,1.312935258,0.000740478,1.391176714,
0.670665777,0,0.0508,1.312935258,0.000740478,1.391176714,
1.083164592,0,0.0508,1.312935258,0.000740478,1.189621148,
1.62258612,0,0.0508,1.312935258,0.000740478,0.877862539,
2.257199682,0,0.0508,1.312935258,0.000740478,0.56610393,
3.050466635,0,0.0508,1.312935258,0.000740478,0.055689835,
-0.662022703,0,0.0508,0.298007011,0.00076193,-0.072493705,
-0.598561347,0,0.0508,0.298007011,0.00076193,0.1087613,
-0.519234652,0,0.0508,0.298007011,0.00076193,0.324817266,
-0.408177279,0,0.0508,0.298007011,0.00076193,0.542323273,
-0.281254566,0,0.0508,0.298007011,0.00076193,0.959934805,
-0.122601176,0,0.0508,0.298007011,0.00076193,1.322444816,
0.083648232,0,0.0508,0.298007011,0.00076193,1.448598299,
0.353358996,0,0.0508,0.298007011,0.00076193,1.46599878,
0.670665777,0,0.0508,0.298007011,0.00076193,1.409447218,
1.083164592,0,0.0508,0.298007011,0.00076193,1.154240171,
1.62258612,0,0.0508,0.298007011,0.00076193,0.7714296,
2.257199682,0,0.0508,0.298007011,0.00076193,0.406019509,
3.050466635,0,0.0508,0.298007011,0.00076193,0.078310459,
-0.662022703,0,0.0508,-0.723344834,0.000791822,0.242454992,
-0.598561347,0,0.0508,-0.723344834,0.000791822,0.406309517,
-0.519234652,0,0.0508,-0.723344834,0.000791822,0.625265563,
-0.408177279,0,0.0508,-0.723344834,0.000791822,0.880472611,
-0.281254566,0,0.0508,-0.723344834,0.000791822,1.171930659,
-0.122601176,0,0.0508,-0.723344834,0.000791822,1.464838748,
0.083648232,0,0.0508,-0.723344834,0.000791822,1.609842752,
0.353358996,0,0.0508,-0.723344834,0.000791822,1.518490229,
0.670665777,0,0.0508,-0.723344834,0.000791822,1.373486225,
1.083164592,0,0.0508,-0.723344834,0.000791822,1.026926655,
1.62258612,0,0.0508,-0.723344834,0.000791822,0.533913041,
2.257199682,0,0.0508,-0.723344834,0.000791822,0.16850295,
3.050466635,0,0.0508,-0.723344834,0.000791822,-0.122955099,
-0.662022703,0,0.0508,-1.230808957,0.000812164,-0.296669896,
-0.598561347,0,0.0508,-1.230808957,0.000812164,0.281896081,
-0.519234652,0,0.0508,-1.230808957,0.000812164,0.642956052,
-0.408177279,0,0.0508,-1.230808957,0.000812164,0.895263019,
-0.281254566,0,0.0508,-1.230808957,0.000812164,1.185271028,
-0.122601176,0,0.0508,-1.230808957,0.000812164,1.454978476,
0.083648232,0,0.0508,-1.230808957,0.000812164,1.544880958,
0.353358996,0,0.0508,-1.230808957,0.000812164,1.344775432,
0.670665777,0,0.0508,-1.230808957,0.000812164,1.217171909,
1.083164592,0,0.0508,-1.230808957,0.000812164,0.798110336,
1.62258612,0,0.0508,-1.230808957,0.000812164,0.25434532,
2.257199682,0,0.0508,-1.230808957,0.000812164,-0.345971257,
3.050466635,0,0.0508,-1.230808957,0.000812164,-0.836084792,
-0.408177279,4.2,0.0508,1.312935258,0.00142788,-0.075103777,
-0.281254566,4.2,0.0508,1.312935258,0.00142788,0.726768366,
-0.122601176,4.2,0.0508,1.312935258,0.00142788,1.035626895,
0.083648232,4.2,0.0508,1.312935258,0.00142788,1.289383903,
0.353358996,4.2,0.0508,1.312935258,0.00142788,1.270533382,
0.670665777,4.2,0.0508,1.312935258,0.00142788,1.158880299,
1.083164592,4.2,0.0508,1.312935258,0.00142788,0.648466204,
1.62258612,4.2,0.0508,1.312935258,0.00142788,0.062650027,
2.257199682,4.2,0.0508,1.312935258,0.00142788,-0.52171611,
3.050466635,4.2,0.0508,1.312935258,0.00142788,-1.088681767,
-0.598561347,4.2,0.0508,-0.723344834,0.00152689,0.117606544,
-0.519234652,4.2,0.0508,-0.723344834,0.00152689,0.520717676,
-0.408177279,4.2,0.0508,-0.723344834,0.00152689,0.777374764,
-0.281254566,4.2,0.0508,-0.723344834,0.00152689,1.123934334,
-0.122601176,4.2,0.0508,-0.723344834,0.00152689,1.306639379,
0.083648232,4.2,0.0508,-0.723344834,0.00152689,1.268938338,
0.353358996,4.2,0.0508,-0.723344834,0.00152689,1.010831211,
0.670665777,4.2,0.0508,-0.723344834,0.00152689,0.716473082,
1.083164592,4.2,0.0508,-0.723344834,0.00152689,0.127756825,
1.62258612,4.2,0.0508,-0.723344834,0.00152689,-0.643664478,
2.257199682,4.2,0.0508,-0.723344834,0.00152689,-1.141028212,
-0.662022703,8.4,0.0508,1.312935258,0.00529514,0.394419189,
-0.598561347,8.4,0.0508,1.312935258,0.00529514,0.740978759,
-0.519234652,8.4,0.0508,1.312935258,0.00529514,1.051287328,
-0.408177279,8.4,0.0508,1.312935258,0.00529514,1.306494375,
-0.281254566,8.4,0.0508,1.312935258,0.00529514,1.397846898,
-0.122601176,8.4,0.0508,1.312935258,0.00529514,1.361595897,
0.083648232,8.4,0.0508,1.312935258,0.00529514,1.033886847,
0.353358996,8.4,0.0508,1.312935258,0.00529514,0.303066666,
0.670665777,8.4,0.0508,1.312935258,0.00529514,-0.535056479,
-0.788945416,8.4,0.0508,0.298007011,0.00544854,-0.471834733,
-0.757214738,8.4,0.0508,0.298007011,0.00544854,-0.158626084,
-0.715964856,8.4,0.0508,0.298007011,0.00544854,0.190833567,
-0.662022703,8.4,0.0508,0.298007011,0.00544854,0.540293217,
-0.598561347,8.4,0.0508,0.298007011,0.00544854,0.853501866,
-0.519234652,8.4,0.0508,0.298007011,0.00544854,1.075357992,
-0.408177279,8.4,0.0508,0.298007011,0.00544854,1.188461116,
-0.281254566,8.4,0.0508,0.298007011,0.00544854,1.189911156,
-0.122601176,8.4,0.0508,0.298007011,0.00544854,0.972405149,
0.083648232,8.4,0.0508,0.298007011,0.00544854,0.517092576,
0.353358996,8.4,0.0508,0.298007011,0.00544854,-0.322480608,
0.670665777,8.4,0.0508,0.298007011,0.00544854,-1.308507837,
-0.788945416,8.4,0.0508,-0.723344834,0.00566229,-0.699056008,
-0.757214738,8.4,0.0508,-0.723344834,0.00566229,-0.279994435,
-0.715964856,8.4,0.0508,-0.723344834,0.00566229,0.175318138,
-0.662022703,8.4,0.0508,-0.723344834,0.00566229,0.521877708,
-0.598561347,8.4,0.0508,-0.723344834,0.00566229,0.777084756,
-0.519234652,8.4,0.0508,-0.723344834,0.00566229,0.9235388,
-0.408177279,8.4,0.0508,-0.723344834,0.00566229,0.888737839,
-0.281254566,8.4,0.0508,-0.723344834,0.00566229,0.743733835,
-0.122601176,8.4,0.0508,-0.723344834,0.00566229,0.381223824,
0.083648232,8.4,0.0508,-0.723344834,0.00566229,-0.126290191,
0.353358996,8.4,0.0508,-0.723344834,0.00566229,-0.852760252,
-0.788945416,8.4,0.0508,-1.230808957,0.00580776,-0.690210763,
-0.757214738,8.4,0.0508,-1.230808957,0.00580776,-0.271149191,
-0.715964856,8.4,0.0508,-1.230808957,0.00580776,0.147912381,
-0.662022703,8.4,0.0508,-1.230808957,0.00580776,0.494471951,
-0.598561347,8.4,0.0508,-1.230808957,0.00580776,0.678627037,
-0.519234652,8.4,0.0508,-1.230808957,0.00580776,0.7714296,
-0.408177279,8.4,0.0508,-1.230808957,0.00580776,0.646726156,
-0.281254566,8.4,0.0508,-1.230808957,0.00580776,0.413269709,
-0.122601176,8.4,0.0508,-1.230808957,0.00580776,0.10731126,
0.083648232,8.4,0.0508,-1.230808957,0.00580776,-0.398752715,
0.353358996,8.4,0.0508,-1.230808957,0.00580776,-0.975868652,
-0.852406772,11.2,0.0508,1.312935258,0.014072,0.160237722,
-0.836541433,11.2,0.0508,1.312935258,0.014072,0.328442367,
-0.815916492,11.2,0.0508,1.312935258,0.014072,0.514047492,
-0.788945416,11.2,0.0508,1.312935258,0.014072,0.644551096,
-0.757214738,11.2,0.0508,1.312935258,0.014072,0.79390522,
-0.715964856,11.2,0.0508,1.312935258,0.014072,1.272418434,
-0.662022703,11.2,0.0508,1.312935258,0.014072,1.623328125,
-0.598561347,11.2,0.0508,1.312935258,0.014072,1.755281768,
-0.519234652,11.2,0.0508,1.312935258,0.014072,1.646528765,
-0.408177279,11.2,0.0508,1.312935258,0.014072,1.501524761,
-0.281254566,11.2,0.0508,1.312935258,0.014072,1.228917233,
-0.122601176,11.2,0.0508,1.312935258,0.014072,0.827256141,
0.083648232,11.2,0.0508,1.312935258,0.014072,0.334242527,
0.353358996,11.2,0.0508,1.312935258,0.014072,-0.342926173,
-0.852406772,11.2,0.0508,-0.723344834,0.0150478,0.025238994,
-0.836541433,11.2,0.0508,-0.723344834,0.0150478,0.23114468,
-0.815916492,11.2,0.0508,-0.723344834,0.0150478,0.602354931,
-0.788945416,11.2,0.0508,-0.723344834,0.0150478,0.845961658,
-0.757214738,11.2,0.0508,-0.723344834,0.0150478,1.033016823,
-0.715964856,11.2,0.0508,-0.723344834,0.0150478,1.202671508,
-0.662022703,11.2,0.0508,-0.723344834,0.0150478,1.298374151,
-0.598561347,11.2,0.0508,-0.723344834,0.0150478,1.101168705,
-0.519234652,11.2,0.0508,-0.723344834,0.0150478,0.756059175,
-0.408177279,11.2,0.0508,-0.723344834,0.0150478,0.24709512,
-0.281254566,11.2,0.0508,-0.723344834,0.0150478,-0.060313369,
-0.122601176,11.2,0.0508,-0.723344834,0.0150478,-0.386572378,
0.083648232,11.2,0.0508,-0.723344834,0.0150478,-0.749082389,
0.353358996,11.2,0.0508,-0.723344834,0.0150478,-1.350849007,
-0.852406772,15.4,0.0508,1.312935258,0.0264269,-0.179941672,
-0.836541433,15.4,0.0508,1.312935258,0.0264269,-0.000136707,
-0.815916492,15.4,0.0508,1.312935258,0.0264269,0.197068739,
-0.788945416,15.4,0.0508,1.312935258,0.0264269,0.285521181,
-0.757214738,15.4,0.0508,1.312935258,0.0264269,0.355123103,
-0.715964856,15.4,0.0508,1.312935258,0.0264269,0.697332553,
-0.662022703,15.4,0.0508,1.312935258,0.0264269,0.968490041,
-0.598561347,15.4,0.0508,1.312935258,0.0264269,1.019241443,
-0.519234652,15.4,0.0508,1.312935258,0.0264269,0.871337359,
-0.408177279,15.4,0.0508,1.312935258,0.0264269,0.758234235,
-0.281254566,15.4,0.0508,1.312935258,0.0264269,0.645131112,
-0.122601176,15.4,0.0508,1.312935258,0.0264269,0.404424465,
0.083648232,15.4,0.0508,1.312935258,0.0264269,0.127466817,
0.353358996,15.4,0.0508,1.312935258,0.0264269,-0.313345356,
0.670665777,15.4,0.0508,1.312935258,0.0264269,-0.826659531,
1.083164592,15.4,0.0508,1.312935258,0.0264269,-1.395075228,
1.62258612,15.4,0.0508,1.312935258,0.0264269,-1.763385399,
-0.852406772,15.4,0.0508,0.298007011,0.0271925,-0.274919295,
-0.836541433,15.4,0.0508,0.298007011,0.0271925,-0.09656437,
-0.815916492,15.4,0.0508,0.298007011,0.0271925,0.080340515,
-0.788945416,15.4,0.0508,0.298007011,0.0271925,0.24129496,
-0.757214738,15.4,0.0508,0.298007011,0.0271925,0.345697843,
-0.715964856,15.4,0.0508,0.298007011,0.0271925,0.651656292,
-0.662022703,15.4,0.0508,0.298007011,0.0271925,0.811160697,
-0.598561347,15.4,0.0508,0.298007011,0.0271925,0.806810577,
-0.519234652,15.4,0.0508,0.298007011,0.0271925,0.748808975,
-0.408177279,15.4,0.0508,0.298007011,0.0271925,0.487801767,
-0.281254566,15.4,0.0508,0.298007011,0.0271925,0.319597122,
-0.122601176,15.4,0.0508,0.298007011,0.0271925,0.115141476,
0.083648232,15.4,0.0508,0.298007011,0.0271925,-0.199517213,
0.353358996,15.4,0.0508,0.298007011,0.0271925,-0.567827384,
0.670665777,15.4,0.0508,0.298007011,0.0271925,-1.12029264,
1.083164592,15.4,0.0508,0.298007011,0.0271925,-1.726409378,
-0.852406772,15.4,0.0508,-0.723344834,0.0282593,-0.442688928,
-0.836541433,15.4,0.0508,-0.723344834,0.0282593,-0.281734483,
-0.815916492,15.4,0.0508,-0.723344834,0.0282593,-0.049728076,
-0.788945416,15.4,0.0508,-0.723344834,0.0282593,0.074975367,
-0.757214738,15.4,0.0508,-0.723344834,0.0282593,0.16342781,
-0.715964856,15.4,0.0508,-0.723344834,0.0282593,0.378033736,
-0.662022703,15.4,0.0508,-0.723344834,0.0282593,0.52013766,
-0.598561347,15.4,0.0508,-0.723344834,0.0282593,0.443285538,
-0.519234652,15.4,0.0508,-0.723344834,0.0282593,0.276530933,
-0.408177279,15.4,0.0508,-0.723344834,0.0282593,0.001023325,
-0.281254566,15.4,0.0508,-0.723344834,0.0282593,-0.201982281,
-0.122601176,15.4,0.0508,-0.723344834,0.0282593,-0.351336405,
0.083648232,15.4,0.0508,-0.723344834,0.0282593,-0.626844013,
0.353358996,15.4,0.0508,-0.723344834,0.0282593,-0.974853624,
0.670665777,15.4,0.0508,-0.723344834,0.0282593,-1.505568279,
1.083164592,15.4,0.0508,-0.723344834,0.0282593,-2.20013746,
-0.852406772,15.4,0.0508,-1.230808957,0.0289853,-0.704856168,
-0.836541433,15.4,0.0508,-1.230808957,0.0289853,-0.523601162,
-0.815916492,15.4,0.0508,-1.230808957,0.0289853,-0.288694675,
-0.788945416,15.4,0.0508,-1.230808957,0.0289853,-0.163991232,
-0.757214738,15.4,0.0508,-1.230808957,0.0289853,-0.165441272,
-0.715964856,15.4,0.0508,-1.230808957,0.0289853,-0.021887308,
-0.662022703,15.4,0.0508,-1.230808957,0.0289853,0.104266176,
-0.598561347,15.4,0.0508,-1.230808957,0.0289853,-0.045087948,
-0.519234652,15.4,0.0508,-1.230808957,0.0289853,-0.229243034,
-0.408177279,15.4,0.0508,-1.230808957,0.0289853,-0.485900121,
-0.281254566,15.4,0.0508,-1.230808957,0.0289853,-0.580152724,
-0.122601176,15.4,0.0508,-1.230808957,0.0289853,-0.709206288,
0.083648232,15.4,0.0508,-1.230808957,0.0289853,-0.984713896,
0.353358996,15.4,0.0508,-1.230808957,0.0289853,-1.334173546,
0.670665777,15.4,0.0508,-1.230808957,0.0289853,-1.80978668,
1.083164592,15.4,0.0508,-1.230808957,0.0289853,-2.414453378,
-0.852406772,19.7,0.0508,1.312935258,0.0341183,-0.990514056,
-0.836541433,19.7,0.0508,1.312935258,0.0341183,-0.829559611,
-0.815916492,19.7,0.0508,1.312935258,0.0341183,-0.522151122,
-0.788945416,19.7,0.0508,1.312935258,0.0341183,-0.140790591,
-0.757214738,19.7,0.0508,1.312935258,0.0341183,0.313071942,
-0.715964856,19.7,0.0508,1.312935258,0.0341183,0.511727428,
-0.662022703,19.7,0.0508,1.312935258,0.0341183,-0.040737828,
-0.598561347,19.7,0.0508,1.312935258,0.0341183,-0.42789852,
-0.519234652,19.7,0.0508,1.312935258,0.0341183,-0.485900121,
-0.408177279,19.7,0.0508,1.312935258,0.0341183,-0.617853765,
-0.281254566,19.7,0.0508,1.312935258,0.0341183,-0.693255847,
-0.122601176,19.7,0.0508,1.312935258,0.0341183,-0.935412534,
0.083648232,19.7,0.0508,1.312935258,0.0341183,-1.248621184,
0.353358996,19.7,0.0508,1.312935258,0.0341183,-1.709733917,
-0.852406772,19.7,0.0508,-0.723344834,0.036484,0.165022854,
-0.836541433,19.7,0.0508,-0.723344834,0.036484,0.346277859,
-0.815916492,19.7,0.0508,-0.723344834,0.036484,0.72908843,
-0.788945416,19.7,0.0508,-0.723344834,0.036484,0.837841434,
-0.757214738,19.7,0.0508,-0.723344834,0.036484,0.523182744,
-0.715964856,19.7,0.0508,-0.723344834,0.036484,-0.65424977,
-0.662022703,19.7,0.0508,-0.723344834,0.036484,-0.821004375,
-0.598561347,19.7,0.0508,-0.723344834,0.036484,-0.860155456,
-0.519234652,19.7,0.0508,-0.723344834,0.036484,-0.899306537,
-0.408177279,19.7,0.0508,-0.723344834,0.036484,-1.048660662,
-0.281254566,19.7,0.0508,-0.723344834,0.036484,-1.031260181,
-0.122601176,19.7,0.0508,-0.723344834,0.036484,-1.254566348,
0.083648232,19.7,0.0508,-0.723344834,0.036484,-1.715679081,
0.353358996,19.7,0.0508,-0.723344834,0.036484,-2.34209638,
-0.122601176,0,0.0254,1.312935258,0.000400682,1.286338819,
0.083648232,0,0.0254,1.312935258,0.000400682,1.764852033,
0.353358996,0,0.0254,1.312935258,0.000400682,1.989608239,
0.670665777,0,0.0254,1.312935258,0.000400682,1.740201352,
1.083164592,0,0.0254,1.312935258,0.000400682,1.471943944,
1.62258612,0,0.0254,1.312935258,0.000400682,0.729523442,
2.257199682,0,0.0254,1.312935258,0.000400682,0.862927126,
3.050466635,0,0.0254,1.312935258,0.000400682,1.213836817,
4.161040369,0,0.0254,1.312935258,0.000400682,0.817975885,
5.430267493,0,0.0254,1.312935258,0.000400682,-0.234753186,
-0.281254566,0,0.0254,0.298007011,0.00041229,0.404134457,
-0.122601176,0,0.0254,0.298007011,0.00041229,0.759394267,
0.083648232,0,0.0254,0.298007011,0.00041229,0.821745989,
0.353358996,0,0.0254,0.298007011,0.00041229,1.216156881,
0.670665777,0,0.0254,0.298007011,0.00041229,1.590267212,
1.083164592,0,0.0254,0.298007011,0.00041229,1.633768413,
1.62258612,0,0.0254,0.298007011,0.00041229,1.642468653,
2.257199682,0,0.0254,0.298007011,0.00041229,1.410462246,
3.050466635,0,0.0254,0.298007011,0.00041229,0.959499793,
4.161040369,0,0.0254,0.298007011,0.00041229,0.122826689,
5.430267493,0,0.0254,0.298007011,0.00041229,-0.420938327,
-0.408177279,0,0.0254,-0.723344834,0.000428464,-0.098594426,
-0.281254566,0,0.0254,-0.723344834,0.000428464,0.752579079,
-0.122601176,0,0.0254,-0.723344834,0.000428464,1.015036327,
0.083648232,0,0.0254,-0.723344834,0.000428464,1.223842093,
0.353358996,0,0.0254,-0.723344834,0.000428464,1.524000382,
0.670665777,0,0.0254,-0.723344834,0.000428464,1.696555147,
1.083164592,0,0.0254,-0.723344834,0.000428464,1.738606308,
1.62258612,0,0.0254,-0.723344834,0.000428464,1.599402464,
2.257199682,0,0.0254,-0.723344834,0.000428464,1.238342493,
3.050466635,0,0.0254,-0.723344834,0.000428464,0.620625435,
4.161040369,0,0.0254,-0.723344834,0.000428464,0.021758898,
-0.598561347,0,0.0254,-1.230808957,0.000439472,0.042204462,
-0.519234652,0,0.0254,-1.230808957,0.000439472,0.451115754,
-0.408177279,0,0.0254,-1.230808957,0.000439472,0.64252104,
-0.281254566,0,0.0254,-1.230808957,0.000439472,0.849876766,
-0.122601176,0,0.0254,-1.230808957,0.000439472,1.168885575,
0.083648232,0,0.0254,-1.230808957,0.000439472,1.506744905,
0.353358996,0,0.0254,-1.230808957,0.000439472,1.770652193,
0.670665777,0,0.0254,-1.230808957,0.000439472,1.99685844,
1.083164592,0,0.0254,-1.230808957,0.000439472,1.986708159,
1.62258612,0,0.0254,-1.230808957,0.000439472,1.793852834,
2.257199682,0,0.0254,-1.230808957,0.000439472,1.361740901,
3.050466635,0,0.0254,-1.230808957,0.000439472,0.600469879,
4.161040369,0,0.0254,-1.230808957,0.000439472,0.114706464,
-0.281254566,4.8,0.0254,1.312935258,0.000848633,0.51651256,
-0.122601176,4.8,0.0254,1.312935258,0.000848633,0.86887229,
0.083648232,4.8,0.0254,1.312935258,0.000848633,1.238632501,
0.353358996,4.8,0.0254,1.312935258,0.000848633,1.463388708,
0.670665777,4.8,0.0254,1.312935258,0.000848633,1.54169087,
1.083164592,4.8,0.0254,1.312935258,0.000848633,1.401036986,
1.62258612,4.8,0.0254,1.312935258,0.000848633,0.968925053,
2.257199682,4.8,0.0254,1.312935258,0.000848633,0.371508556,
3.050466635,4.8,0.0254,1.312935258,0.000848633,0.413559717,
4.161040369,4.8,0.0254,1.312935258,0.000848633,-0.091054218,
5.430267493,4.8,0.0254,1.312935258,0.000848633,-0.743572237,
-0.408177279,4.8,0.0254,0.298007011,0.000873218,-0.487495165,
-0.281254566,4.8,0.0254,0.298007011,0.000873218,0.03161917,
-0.122601176,4.8,0.0254,0.298007011,0.000873218,0.624685547,
0.083648232,4.8,0.0254,0.298007011,0.000873218,1.090148401,
0.353358996,4.8,0.0254,0.298007011,0.000873218,1.317804688,
0.670665777,4.8,0.0254,0.298007011,0.000873218,1.544010934,
1.083164592,4.8,0.0254,0.298007011,0.000873218,1.497609653,
1.62258612,4.8,0.0254,0.298007011,0.000873218,1.06549772,
2.257199682,4.8,0.0254,0.298007011,0.000873218,0.305676738,
3.050466635,4.8,0.0254,0.298007011,0.000873218,0.03741933,
4.161040369,4.8,0.0254,0.298007011,0.000873218,-0.064083473,
5.430267493,4.8,0.0254,0.298007011,0.000873218,-0.515045926,
-0.757214738,4.8,0.0254,-0.723344834,0.000907475,-1.228175619,
-0.715964856,4.8,0.0254,-0.723344834,0.000907475,-0.890316289,
-0.662022703,4.8,0.0254,-0.723344834,0.000907475,-0.590158,
-0.598561347,4.8,0.0254,-0.723344834,0.000907475,-0.272599231,
-0.519234652,4.8,0.0254,-0.723344834,0.000907475,0.027559058,
-0.408177279,4.8,0.0254,-0.723344834,0.000907475,0.163862822,
-0.281254566,4.8,0.0254,-0.723344834,0.000907475,0.591624634,
-0.122601176,4.8,0.0254,-0.723344834,0.000907475,0.928033924,
0.083648232,4.8,0.0254,-0.723344834,0.000907475,1.247042734,
0.353358996,4.8,0.0254,-0.723344834,0.000907475,1.47324898,
0.670665777,4.8,0.0254,-0.723344834,0.000907475,1.535600702,
1.083164592,4.8,0.0254,-0.723344834,0.000907475,1.377546337,
1.62258612,4.8,0.0254,-0.723344834,0.000907475,0.943984365,
2.257199682,4.8,0.0254,-0.723344834,0.000907475,0.178363222,
-0.757214738,4.8,0.0254,-1.230808957,0.000930789,-1.262686572,
-0.715964856,4.8,0.0254,-1.230808957,0.000930789,-0.689920755,
-0.662022703,4.8,0.0254,-1.230808957,0.000930789,-0.317260464,
-0.598561347,4.8,0.0254,-1.230808957,0.000930789,0.074250347,
-0.519234652,4.8,0.0254,-1.230808957,0.000930789,0.372958596,
-0.408177279,4.8,0.0254,-1.230808957,0.000930789,0.562913841,
-0.281254566,4.8,0.0254,-1.230808957,0.000930789,0.770269568,
-0.122601176,4.8,0.0254,-1.230808957,0.000930789,1.124079338,
0.083648232,4.8,0.0254,-1.230808957,0.000930789,1.367686065,
0.353358996,4.8,0.0254,-1.230808957,0.000930789,1.52139031,
0.670665777,4.8,0.0254,-1.230808957,0.000930789,1.509789989,
1.083164592,4.8,0.0254,-1.230808957,0.000930789,1.169030579,
1.62258612,4.8,0.0254,-1.230808957,0.000930789,0.314956994,
-0.715964856,9.5,0.0254,1.312935258,0.00420654,0.129061861,
-0.662022703,9.5,0.0254,1.312935258,0.00420654,0.343667787,
-0.598561347,9.5,0.0254,1.312935258,0.00420654,0.684427197,
-0.519234652,9.5,0.0254,1.312935258,0.00420654,0.988935606,
-0.408177279,9.5,0.0254,1.312935258,0.00420654,1.293444015,
-0.281254566,9.5,0.0254,1.312935258,0.00420654,1.4703489,
-0.122601176,9.5,0.0254,1.312935258,0.00420654,1.612452824,
0.083648232,9.5,0.0254,1.312935258,0.00420654,1.642903665,
0.353358996,9.5,0.0254,1.312935258,0.00420654,1.363045937,
0.670665777,9.5,0.0254,1.312935258,0.00420654,0.920783724,
1.083164592,9.5,0.0254,1.312935258,0.00420654,0.349467947,
-0.788945416,9.5,0.0254,0.298007011,0.0043284,-0.563187256,
-0.757214738,9.5,0.0254,0.298007011,0.0043284,-0.254328726,
-0.715964856,9.5,0.0254,0.298007011,0.0043284,0.089330764,
-0.662022703,9.5,0.0254,0.298007011,0.0043284,0.470691295,
-0.598561347,9.5,0.0254,0.298007011,0.0043284,0.796950304,
-0.519234652,9.5,0.0254,0.298007011,0.0043284,1.068107792,
-0.408177279,9.5,0.0254,0.298007011,0.0043284,1.192811236,
-0.281254566,9.5,0.0254,0.298007011,0.0043284,1.3363652,
-0.122601176,9.5,0.0254,0.298007011,0.0043284,1.350865601,
0.083648232,9.5,0.0254,0.298007011,0.0043284,1.220361997,
0.353358996,9.5,0.0254,0.298007011,0.0043284,0.97820531,
0.670665777,9.5,0.0254,0.298007011,0.0043284,0.518542616,
1.083164592,9.5,0.0254,0.298007011,0.0043284,-0.089024162,
-0.852406772,9.5,0.0254,-0.723344834,0.00449821,-1.270516788,
-0.836541433,9.5,0.0254,-0.723344834,0.00449821,-1.147263385,
-0.815916492,9.5,0.0254,-0.723344834,0.00449821,-0.803603895,
-0.788945416,9.5,0.0254,-0.723344834,0.00449821,-0.533896447,
-0.757214738,9.5,0.0254,-0.723344834,0.00449821,-0.136585475,
-0.715964856,9.5,0.0254,-0.723344834,0.00449821,0.243325016,
-0.662022703,9.5,0.0254,-0.723344834,0.00449821,0.605835027,
-0.598561347,9.5,0.0254,-0.723344834,0.00449821,0.803040473,
-0.519234652,9.5,0.0254,-0.723344834,0.00449821,0.888592835,
-0.408177279,9.5,0.0254,-0.723344834,0.00449821,0.920493716,
-0.281254566,9.5,0.0254,-0.723344834,0.00449821,0.933544076,
-0.122601176,9.5,0.0254,-0.723344834,0.00449821,0.927743916,
0.083648232,9.5,0.0254,-0.723344834,0.00449821,0.739238711,
0.353358996,9.5,0.0254,-0.723344834,0.00449821,0.439080422,
0.670665777,9.5,0.0254,-0.723344834,0.00449821,0.03016913,
1.083164592,9.5,0.0254,-0.723344834,0.00449821,-0.65424977,
-0.852406772,9.5,0.0254,-1.230808957,0.00461377,-0.825064487,
-0.836541433,9.5,0.0254,-1.230808957,0.00461377,-0.681510523,
-0.815916492,9.5,0.0254,-1.230808957,0.00461377,-0.300149992,
-0.788945416,9.5,0.0254,-1.230808957,0.00461377,-0.011592023,
-0.757214738,9.5,0.0254,-1.230808957,0.00461377,0.297266506,
-0.715964856,9.5,0.0254,-1.230808957,0.00461377,0.604674995,
-0.662022703,9.5,0.0254,-1.230808957,0.00461377,0.856981962,
-0.598561347,9.5,0.0254,-1.230808957,0.00461377,0.943984365,
-0.519234652,9.5,0.0254,-1.230808957,0.00461377,0.958484765,
-0.408177279,9.5,0.0254,-1.230808957,0.00461377,0.899033123,
-0.281254566,9.5,0.0254,-1.230808957,0.00461377,0.820730961,
-0.122601176,9.5,0.0254,-1.230808957,0.00461377,0.761279319,
0.083648232,9.5,0.0254,-1.230808957,0.00461377,0.536523113,
0.353358996,9.5,0.0254,-1.230808957,0.00461377,0.275515905,
0.670665777,9.5,0.0254,-1.230808957,0.00461377,-0.059443345,
1.083164592,9.5,0.0254,-1.230808957,0.00461377,-0.595958161,
-0.836541433,12.7,0.0254,1.312935258,0.0121808,-0.745022277,
-0.815916492,12.7,0.0254,1.312935258,0.0121808,-0.275209303,
-0.788945416,12.7,0.0254,1.312935258,0.0121808,0.030749146,
-0.757214738,12.7,0.0254,1.312935258,0.0121808,0.299006554,
-0.715964856,12.7,0.0254,1.312935258,0.0121808,0.586114482,
-0.662022703,12.7,0.0254,1.312935258,0.0121808,0.799270368,
-0.598561347,12.7,0.0254,1.312935258,0.0121808,0.995025774,
-0.519234652,12.7,0.0254,1.312935258,0.0121808,1.19078118,
-0.408177279,12.7,0.0254,1.312935258,0.0121808,1.405387106,
-0.281254566,12.7,0.0254,1.312935258,0.0121808,1.361885905,
-0.122601176,12.7,0.0254,1.312935258,0.0121808,1.337235224,
0.083648232,12.7,0.0254,1.312935258,0.0121808,1.293734023,
0.353358996,12.7,0.0254,1.312935258,0.0121808,1.010976215,
0.670665777,12.7,0.0254,1.312935258,0.0121808,0.600614883,
1.083164592,12.7,0.0254,1.312935258,0.0121808,0.081500547,
1.62258612,12.7,0.0254,1.312935258,0.0121808,-0.623218913,
2.257199682,12.7,0.0254,1.312935258,0.0121808,-1.510643419,
-0.836541433,12.7,0.0254,-0.723344834,0.0130253,-0.476909873,
-0.815916492,12.7,0.0254,-0.723344834,0.0130253,-0.188351905,
-0.788945416,12.7,0.0254,-0.723344834,0.0130253,0.100206064,
-0.757214738,12.7,0.0254,-0.723344834,0.0130253,0.332212471,
-0.715964856,12.7,0.0254,-0.723344834,0.0130253,0.584519438,
-0.662022703,12.7,0.0254,-0.723344834,0.0130253,0.780274844,
-0.598561347,12.7,0.0254,-0.723344834,0.0130253,0.886127767,
-0.519234652,12.7,0.0254,-0.723344834,0.0130253,0.861477086,
-0.408177279,12.7,0.0254,-0.723344834,0.0130253,0.745473883,
-0.281254566,12.7,0.0254,-0.723344834,0.0130253,0.686022241,
-0.122601176,12.7,0.0254,-0.723344834,0.0130253,0.607720079,
0.083648232,12.7,0.0254,-0.723344834,0.0130253,0.436615354,
0.353358996,12.7,0.0254,-0.723344834,0.0130253,0.246660108,
0.670665777,12.7,0.0254,-0.723344834,0.0130253,0.039304382,
1.083164592,12.7,0.0254,-0.723344834,0.0130253,-0.240553346,
1.62258612,12.7,0.0254,-0.723344834,0.0130253,-0.613213637,
2.257199682,12.7,0.0254,-0.723344834,0.0130253,-1.278782017,
-0.852406772,17.4,0.0254,1.312935258,0.016104,-1.787891075,
-0.836541433,17.4,0.0254,1.312935258,0.016104,-1.60083591,
-0.815916492,17.4,0.0254,1.312935258,0.016104,-1.303577701,
-0.788945416,17.4,0.0254,1.312935258,0.016104,-1.078821495,
-0.757214738,17.4,0.0254,1.312935258,0.016104,-0.729361844,
-0.715964856,17.4,0.0254,1.312935258,0.016104,-0.323350633,
-0.662022703,17.4,0.0254,1.312935258,0.016104,-0.081193945,
-0.598561347,17.4,0.0254,1.312935258,0.016104,0.142112221,
-0.519234652,17.4,0.0254,1.312935258,0.016104,0.220414383,
-0.408177279,17.4,0.0254,1.312935258,0.016104,0.227664584,
-0.281254566,17.4,0.0254,1.312935258,0.016104,0.288566265,
-0.122601176,17.4,0.0254,1.312935258,0.016104,0.276965945,
0.083648232,17.4,0.0254,1.312935258,0.016104,0.246515104,
0.353358996,17.4,0.0254,1.312935258,0.016104,0.1087613,
0.670665777,17.4,0.0254,1.312935258,0.016104,-0.24794855,
1.083164592,17.4,0.0254,1.312935258,0.016104,-0.713411404,
1.62258612,17.4,0.0254,1.312935258,0.016104,-1.358679223,
-0.852406772,17.4,0.0254,0.298007011,0.0165706,-2.158376306,
-0.836541433,17.4,0.0254,0.298007011,0.0165706,-2.080074144,
-0.815916492,17.4,0.0254,0.298007011,0.0165706,-1.874168458,
-0.788945416,17.4,0.0254,0.298007011,0.0165706,-1.359404243,
-0.757214738,17.4,0.0254,0.298007011,0.0165706,-0.756187585,
-0.715964856,17.4,0.0254,0.298007011,0.0165706,-0.351626413,
-0.662022703,17.4,0.0254,0.298007011,0.0165706,-0.25302369,
-0.598561347,17.4,0.0254,0.298007011,0.0165706,0.168937962,
-0.519234652,17.4,0.0254,0.298007011,0.0165706,0.647451176,
-0.408177279,17.4,0.0254,0.298007011,0.0165706,0.237089844,
-0.281254566,17.4,0.0254,0.298007011,0.0165706,0.061634999,
-0.122601176,17.4,0.0254,0.298007011,0.0165706,0.013783677,
0.083648232,17.4,0.0254,0.298007011,0.0165706,-0.106569646,
0.353358996,17.4,0.0254,0.298007011,0.0165706,-0.444428976,
0.670665777,17.4,0.0254,0.298007011,0.0165706,-0.854790308,
1.083164592,17.4,0.0254,0.298007011,0.0165706,-1.446406645,
-0.852406772,17.4,0.0254,-0.723344834,0.0172206,-1.564874917,
-0.836541433,17.4,0.0254,-0.723344834,0.0172206,-1.467722234,
-0.815916492,17.4,0.0254,-0.723344834,0.0172206,-1.405370512,
-0.788945416,17.4,0.0254,-0.723344834,0.0172206,-1.361869311,
-0.757214738,17.4,0.0254,-0.723344834,0.0172206,-1.061711022,
-0.715964856,17.4,0.0254,-0.723344834,0.0172206,-0.046682992,
-0.662022703,17.4,0.0254,-0.723344834,0.0172206,1.520810294,
-0.598561347,17.4,0.0254,-0.723344834,0.0172206,1.948572106,
-0.519234652,17.4,0.0254,-0.723344834,0.0172206,0.946594437,
-0.408177279,17.4,0.0254,-0.723344834,0.0172206,0.402829421,
-0.281254566,17.4,0.0254,-0.723344834,0.0172206,0.262175537,
-0.122601176,17.4,0.0254,-0.723344834,0.0172206,-0.098884434,
0.083648232,17.4,0.0254,-0.723344834,0.0172206,-0.184436796,
0.353358996,17.4,0.0254,-0.723344834,0.0172206,-0.30624016,
0.670665777,17.4,0.0254,-0.723344834,0.0172206,-0.722401652,
-0.852406772,17.4,0.0254,-1.230808957,0.0176631,-1.2600765,
-0.836541433,17.4,0.0254,-1.230808957,0.0176631,-1.142623257,
-0.815916492,17.4,0.0254,-1.230808957,0.0176631,-0.93091741,
-0.788945416,17.4,0.0254,-1.230808957,0.0176631,-0.590158,
-0.757214738,17.4,0.0254,-1.230808957,0.0176631,0.411819669,
-0.715964856,17.4,0.0254,-1.230808957,0.0176631,1.747306548,
-0.662022703,17.4,0.0254,-1.230808957,0.0176631,2.086615918,
-0.598561347,17.4,0.0254,-1.230808957,0.0176631,1.009236167,
-0.519234652,17.4,0.0254,-1.230808957,0.0176631,0.503172192,
-0.408177279,17.4,0.0254,-1.230808957,0.0176631,0.291466346,
-0.281254566,17.4,0.0254,-1.230808957,0.0176631,-0.069593625,
-0.122601176,17.4,0.0254,-1.230808957,0.0176631,-0.097144386,
0.083648232,17.4,0.0254,-1.230808957,0.0176631,-0.198647189,
0.353358996,17.4,0.0254,-1.230808957,0.0176631,-0.411803075,
0.670665777,17.4,0.0254,-1.230808957,0.0176631,-0.991819092,
-0.815916492,22.2,0.0254,1.312935258,0.0214178,-1.301982657,
-0.788945416,22.2,0.0254,1.312935258,0.0214178,-1.001824368,
-0.757214738,22.2,0.0254,1.312935258,0.0214178,-0.996024208,
-0.715964856,22.2,0.0254,1.312935258,0.0214178,-0.605963437,
-0.662022703,22.2,0.0254,1.312935258,0.0214178,-0.233303146,
-0.598561347,22.2,0.0254,1.312935258,0.0214178,1.364640981,
-0.519234652,22.2,0.0254,1.312935258,0.0214178,2.34196797,
-0.408177279,22.2,0.0254,1.312935258,0.0214178,1.012281251,
-0.281254566,22.2,0.0254,1.312935258,0.0214178,0.342362751,
-0.122601176,22.2,0.0254,1.312935258,0.0214178,0.182858346,
0.083648232,22.2,0.0254,1.312935258,0.0214178,-0.102799542,
0.353358996,22.2,0.0254,1.312935258,0.0214178,-0.133250383,
0.670665777,22.2,0.0254,1.312935258,0.0214178,0.129206865,
1.083164592,22.2,0.0254,1.312935258,0.0214178,-0.247803546,
1.62258612,22.2,0.0254,1.312935258,0.0214178,-0.460959433,
-0.852406772,22.2,0.0254,-0.723344834,0.0229028,-1.27167682,
-0.836541433,22.2,0.0254,-0.723344834,0.0229028,-1.080271535,
-0.815916492,22.2,0.0254,-0.723344834,0.0229028,-0.597408201,
-0.788945416,22.2,0.0254,-0.723344834,0.0229028,-0.205897389,
-0.757214738,22.2,0.0254,-0.723344834,0.0229028,0.716328078,
-0.715964856,22.2,0.0254,-0.723344834,0.0229028,1.767607109,
-0.662022703,22.2,0.0254,-0.723344834,0.0229028,1.774857309,
-0.598561347,22.2,0.0254,-0.723344834,0.0229028,0.519122632,
-0.519234652,22.2,0.0254,-0.723344834,0.0229028,0.233464744,
-0.408177279,22.2,0.0254,-0.723344834,0.0229028,-0.379902194,
-0.281254566,22.2,0.0254,-0.723344834,0.0229028,-0.519106038,
-0.122601176,22.2,0.0254,-0.723344834,0.0229028,-0.511855838,
0.083648232,22.2,0.0254,-0.723344834,0.0229028,-0.57710764,
0.353358996,22.2,0.0254,-0.723344834,0.0229028,-0.752562485,
0.670665777,22.2,0.0254,-0.723344834,0.0229028,-0.872915809,
-0.715964856,0,0.1016,1.312935258,0.00121072,-0.09873943,
-0.662022703,0,0.1016,1.312935258,0.00121072,0.285521181,
-0.598561347,0,0.1016,1.312935258,0.00121072,0.57842927,
-0.519234652,0,0.1016,1.312935258,0.00121072,0.797385316,
-0.408177279,0,0.1016,1.312935258,0.00121072,0.998940882,
-0.281254566,0,0.1016,1.312935258,0.00121072,1.052592364,
-0.122601176,0,0.1016,1.312935258,0.00121072,1.125094366,
0.083648232,0,0.1016,1.312935258,0.00121072,1.032291803,
0.353358996,0,0.1016,1.312935258,0.00121072,0.884387719,
0.670665777,0,0.1016,1.312935258,0.00121072,0.864087158,
1.083164592,0,0.1016,1.312935258,0.00121072,0.661081552,
1.62258612,0,0.1016,1.312935258,0.00121072,0.091215816,
2.257199682,0,0.1016,1.312935258,0.00121072,-0.221992834,
3.050466635,0,0.1016,1.312935258,0.00121072,-0.79185857,
-0.715964856,0,0.1016,0.298007011,0.00131983,0.193443639,
-0.662022703,0,0.1016,0.298007011,0.00131983,0.447200646,
-0.598561347,0,0.1016,0.298007011,0.00131983,0.719808174,
-0.519234652,0,0.1016,0.298007011,0.00131983,0.956164701,
-0.408177279,0,0.1016,0.298007011,0.00131983,1.046067184,
-0.281254566,0,0.1016,0.298007011,0.00131983,1.117119146,
-0.122601176,0,0.1016,0.298007011,0.00131983,1.189621148,
0.083648232,0,0.1016,0.298007011,0.00131983,1.006916102,
0.353358996,0,0.1016,0.298007011,0.00131983,0.676306973,
0.670665777,0,0.1016,0.298007011,0.00131983,0.511002408,
1.083164592,0,0.1016,0.298007011,0.00131983,0.419649885,
1.62258612,0,0.1016,0.298007011,0.00131983,-0.055963249,
2.257199682,0,0.1016,0.298007011,0.00131983,-0.421373339,
3.050466635,0,0.1016,0.298007011,0.00131983,-0.714281428,
-0.715964856,0,0.1016,-0.723344834,0.00146332,0.081935559,
-0.662022703,0,0.1016,-0.723344834,0.00146332,0.516947572,
-0.598561347,0,0.1016,-0.723344834,0.00146332,0.862057102,
-0.519234652,0,0.1016,-0.723344834,0.00146332,1.078113069,
-0.408177279,0,0.1016,-0.723344834,0.00146332,1.221667033,
-0.281254566,0,0.1016,-0.723344834,0.00146332,1.220216993,
-0.122601176,0,0.1016,-0.723344834,0.00146332,1.12741443,
0.083648232,0,0.1016,-0.723344834,0.00146332,0.888157823,
0.353358996,0,0.1016,-0.723344834,0.00146332,0.42994517,
0.670665777,0,0.1016,-0.723344834,0.00146332,0.171838042,
1.083164592,0,0.1016,-0.723344834,0.00146332,0.11528648,
1.62258612,0,0.1016,-0.723344834,0.00146332,-0.361776694,
2.257199682,0,0.1016,-0.723344834,0.00146332,-0.764887825,
-0.715964856,0,0.1016,-1.230808957,0.00150092,0.228679612,
-0.662022703,0,0.1016,-1.230808957,0.00150092,0.611490183,
-0.598561347,0,0.1016,-1.230808957,0.00150092,0.939199233,
-0.519234652,0,0.1016,-1.230808957,0.00150092,1.19295624,
-0.408177279,0,0.1016,-1.230808957,0.00150092,1.264008202,
-0.281254566,0,0.1016,-1.230808957,0.00150092,1.2060066,
-0.122601176,0,0.1016,-1.230808957,0.00150092,1.039251995,
0.083648232,0,0.1016,-1.230808957,0.00150092,0.744893867,
0.353358996,0,0.1016,-1.230808957,0.00150092,0.304081694,
0.670665777,0,0.1016,-1.230808957,0.00150092,-0.064228477,
1.083164592,0,0.1016,-1.230808957,0.00150092,-0.084529038,
1.62258612,0,0.1016,-1.230808957,0.00150092,-0.673245295,
2.257199682,0,0.1016,-1.230808957,0.00150092,-1.296762513,
-0.662022703,3.3,0.1016,1.312935258,0.00202822,0.904543275,
-0.598561347,3.3,0.1016,1.312935258,0.00202822,0.956744717,
-0.519234652,3.3,0.1016,1.312935258,0.00202822,1.082898201,
-0.408177279,3.3,0.1016,1.312935258,0.00202822,1.280103647,
-0.281254566,3.3,0.1016,1.312935258,0.00202822,1.333755128,
-0.122601176,3.3,0.1016,1.312935258,0.00202822,1.313454567,
0.083648232,3.3,0.1016,1.312935258,0.00202822,1.05534744,
0.353358996,3.3,0.1016,1.312935258,0.00202822,0.560883785,
0.670665777,3.3,0.1016,1.312935258,0.00202822,0.321627178,
1.083164592,3.3,0.1016,1.312935258,0.00202822,0.009868569,
1.62258612,3.3,0.1016,1.312935258,0.00202822,-0.522296126,
2.257199682,3.3,0.1016,1.312935258,0.00202822,-1.180614306,
-0.715964856,3.3,0.1016,0.298007011,0.002211,0.255650356,
-0.662022703,3.3,0.1016,0.298007011,0.002211,0.621060447,
-0.598561347,3.3,0.1016,0.298007011,0.002211,0.912518496,
-0.519234652,3.3,0.1016,0.298007011,0.002211,1.150325063,
-0.408177279,3.3,0.1016,0.298007011,0.002211,1.277928586,
-0.281254566,3.3,0.1016,0.298007011,0.002211,1.277928586,
-0.122601176,3.3,0.1016,0.298007011,0.002211,1.167725543,
0.083648232,3.3,0.1016,0.298007011,0.002211,0.840016494,
0.353358996,3.3,0.1016,0.298007011,0.002211,0.347002879,
0.670665777,3.3,0.1016,0.298007011,0.002211,0.000443309,
1.083164592,3.3,0.1016,0.298007011,0.002211,-0.144560695,
1.62258612,3.3,0.1016,0.298007011,0.002211,-0.618723789,
2.257199682,3.3,0.1016,0.298007011,0.002211,-1.33069345,
-0.715964856,3.3,0.1016,-0.723344834,0.00245138,0.350192967,
-0.662022703,3.3,0.1016,-0.723344834,0.00245138,0.747503939,
-0.598561347,3.3,0.1016,-0.723344834,0.00245138,1.034611867,
-0.519234652,3.3,0.1016,-0.723344834,0.00245138,1.214416833,
-0.408177279,3.3,0.1016,-0.723344834,0.00245138,1.194116272,
-0.281254566,3.3,0.1016,-0.723344834,0.00245138,1.082463189,
-0.122601176,3.3,0.1016,-0.723344834,0.00245138,0.863507142,
0.083648232,3.3,0.1016,-0.723344834,0.00245138,0.516947572,
0.353358996,3.3,0.1016,-0.723344834,0.00245138,0.006533477,
0.670665777,3.3,0.1016,-0.723344834,0.00245138,-0.357426574,
1.083164592,3.3,0.1016,-0.723344834,0.00245138,-0.57783266,
1.62258612,3.3,0.1016,-0.723344834,0.00245138,-0.978043712,
2.257199682,3.3,0.1016,-0.723344834,0.00245138,-1.379704803,
-0.715964856,3.3,0.1016,-1.230808957,0.00251435,0.596844778,
-0.662022703,3.3,0.1016,-1.230808957,0.00251435,0.946304429,
-0.598561347,3.3,0.1016,-1.230808957,0.00251435,1.185561036,
-0.519234652,3.3,0.1016,-1.230808957,0.00251435,1.33201508,
-0.408177279,3.3,0.1016,-1.230808957,0.00251435,1.242112597,
-0.281254566,3.3,0.1016,-1.230808957,0.00251435,0.98690555,
-0.122601176,3.3,0.1016,-1.230808957,0.00251435,0.805650545,
0.083648232,3.3,0.1016,-1.230808957,0.00251435,0.495341975,
0.353358996,3.3,0.1016,-1.230808957,0.00251435,0.002328361,
0.670665777,3.3,0.1016,-1.230808957,0.00251435,-0.399332731,
1.083164592,3.3,0.1016,-1.230808957,0.00251435,-0.599438257,
1.62258612,3.3,0.1016,-1.230808957,0.00251435,-1.073601351,
-0.715964856,6.7,0.1016,1.312935258,0.00478288,0.958774773,
-0.662022703,6.7,0.1016,1.312935258,0.00478288,1.398136906,
-0.598561347,6.7,0.1016,1.312935258,0.00478288,1.728746036,
-0.519234652,6.7,0.1016,1.312935258,0.00478288,1.859249639,
-0.408177279,6.7,0.1016,1.312935258,0.00478288,1.717145715,
-0.281254566,6.7,0.1016,1.312935258,0.00478288,1.411187266,
-0.122601176,6.7,0.1016,1.312935258,0.00478288,0.960224813,
0.083648232,6.7,0.1016,1.312935258,0.00478288,-0.054803217,
-0.757214738,6.7,0.1016,0.298007011,0.0052139,0.653541344,
-0.715964856,6.7,0.1016,0.298007011,0.0052139,1.18715608,
-0.662022703,6.7,0.1016,0.298007011,0.0052139,1.612017812,
-0.598561347,6.7,0.1016,0.298007011,0.0052139,1.797622938,
-0.519234652,6.7,0.1016,0.298007011,0.0052139,1.746871536,
-0.408177279,6.7,0.1016,0.298007011,0.0052139,1.278508602,
-0.281254566,6.7,0.1016,0.298007011,0.0052139,0.698492585,
-0.122601176,6.7,0.1016,0.298007011,0.0052139,-0.081628957,
-0.788945416,6.7,0.1016,-0.723344834,0.00578076,0.501577148,
-0.757214738,6.7,0.1016,-0.723344834,0.00578076,0.887287799,
-0.715964856,6.7,0.1016,-0.723344834,0.00578076,1.235297409,
-0.662022703,6.7,0.1016,-0.723344834,0.00578076,1.419452495,
-0.598561347,6.7,0.1016,-0.723344834,0.00578076,1.403502054,
-0.519234652,6.7,0.1016,-0.723344834,0.00578076,1.096093565,
-0.408177279,6.7,0.1016,-0.723344834,0.00578076,0.368173464,
-0.281254566,6.7,0.1016,-0.723344834,0.00578076,-0.377147118,
-0.815916492,6.7,0.1016,-1.230808957,0.00592927,0.207364023,
-0.788945416,6.7,0.1016,-1.230808957,0.00592927,0.501722152,
-0.757214738,6.7,0.1016,-1.230808957,0.00592927,0.7786798,
-0.715964856,6.7,0.1016,-1.230808957,0.00592927,1.055637448,
-0.662022703,6.7,0.1016,-1.230808957,0.00592927,1.167290531,
-0.598561347,6.7,0.1016,-1.230808957,0.00592927,0.986035526,
-0.519234652,6.7,0.1016,-1.230808957,0.00592927,0.640925996,
-0.408177279,6.7,0.1016,-1.230808957,0.00592927,-0.071043665,
-0.281254566,6.7,0.1016,-1.230808957,0.00592927,-0.636559282,
-0.852406772,8.9,0.1016,1.312935258,0.0103088,1.256758002,
-0.836541433,8.9,0.1016,1.312935258,0.0103088,1.406112126,
-0.815916492,8.9,0.1016,1.312935258,0.0103088,1.703370335,
-0.788945416,8.9,0.1016,1.312935258,0.0103088,1.926676501,
-0.757214738,8.9,0.1016,1.312935258,0.0103088,1.984678103,
-0.715964856,8.9,0.1016,1.312935258,0.0103088,1.970177703,
-0.662022703,8.9,0.1016,1.312935258,0.0103088,1.88172526,
-0.598561347,8.9,0.1016,1.312935258,0.0103088,1.53661573,
-0.519234652,8.9,0.1016,1.312935258,0.0103088,1.153805159,
-0.408177279,8.9,0.1016,1.312935258,0.0103088,0.569439022,
-0.281254566,8.9,0.1016,1.312935258,0.0103088,-0.087429118,
-0.122601176,8.9,0.1016,1.312935258,0.0103088,-0.17588156,
0.083648232,8.9,0.1016,1.312935258,0.0103088,-0.228083002,
0.353358996,8.9,0.1016,1.312935258,0.0103088,-0.665995095,
0.670665777,8.9,0.1016,1.312935258,0.0103088,-1.17640919,
1.083164592,8.9,0.1016,1.312935258,0.0103088,-1.099557067,
-0.852406772,8.9,0.1016,-0.723344834,0.0124596,1.244722669,
-0.836541433,8.9,0.1016,-0.723344834,0.0124596,1.378126353,
-0.815916492,8.9,0.1016,-0.723344834,0.0124596,1.528930518,
-0.788945416,8.9,0.1016,-0.723344834,0.0124596,1.552131158,
-0.757214738,8.9,0.1016,-0.723344834,0.0124596,1.298374151,
-0.715964856,8.9,0.1016,-0.723344834,0.0124596,1.027216663,
-0.662022703,8.9,0.1016,-0.723344834,0.0124596,0.885112739,
-0.598561347,8.9,0.1016,-0.723344834,0.0124596,0.687907293,
-0.519234652,8.9,0.1016,-0.723344834,0.0124596,0.416749805,
-0.408177279,8.9,0.1016,-0.723344834,0.0124596,-0.147315771,
-0.281254566,8.9,0.1016,-0.723344834,0.0124596,-0.840434912,
-0.122601176,8.9,0.1016,-0.723344834,0.0124596,-0.818684311,
0.083648232,8.9,0.1016,-0.723344834,0.0124596,-0.79548367,
0.353358996,8.9,0.1016,-0.723344834,0.0124596,-1.249346204,
0.670665777,8.9,0.1016,-0.723344834,0.0124596,-1.704658777,
1.083164592,8.9,0.1016,-0.723344834,0.0124596,-1.700308657,
-0.852406772,12.3,0.1016,1.312935258,0.0337792,0.834071329,
-0.836541433,12.3,0.1016,1.312935258,0.0337792,0.976175254,
-0.815916492,12.3,0.1016,1.312935258,0.0337792,1.773697277,
-0.788945416,12.3,0.1016,1.312935258,0.0337792,2.115906727,
-0.757214738,12.3,0.1016,1.312935258,0.0337792,2.22175965,
-0.715964856,12.3,0.1016,1.312935258,0.0337792,1.52719047,
-0.662022703,12.3,0.1016,1.312935258,0.0337792,0.359908236,
-0.598561347,12.3,0.1016,1.312935258,0.0337792,0.448360678,
-0.519234652,12.3,0.1016,1.312935258,0.0337792,0.262755553,
-0.408177279,12.3,0.1016,1.312935258,0.0337792,-0.012752055,
-0.281254566,12.3,0.1016,1.312935258,0.0337792,-0.379612186,
-0.122601176,12.3,0.1016,1.312935258,0.0337792,-0.51011579,
0.083648232,12.3,0.1016,1.312935258,0.0337792,-0.585517872,
0.353358996,12.3,0.1016,1.312935258,0.0337792,-0.988629004,
0.670665777,12.3,0.1016,1.312935258,0.0337792,-1.265586652,
1.083164592,12.3,0.1016,1.312935258,0.0337792,-1.577345261,
-0.852406772,12.3,0.1016,0.298007011,0.0368233,1.082898201,
-0.836541433,12.3,0.1016,0.298007011,0.0368233,1.226452165,
-0.815916492,12.3,0.1016,0.298007011,0.0368233,1.571561695,
-0.788945416,12.3,0.1016,0.298007011,0.0368233,1.678864658,
-0.757214738,12.3,0.1016,0.298007011,0.0368233,1.296054087,
-0.715964856,12.3,0.1016,0.298007011,0.0368233,-0.085834074,
-0.662022703,12.3,0.1016,0.298007011,0.0368233,0.04031941,
-0.598561347,12.3,0.1016,0.298007011,0.0368233,0.093970892,
-0.519234652,12.3,0.1016,0.298007011,0.0368233,-0.090184194,
-0.408177279,12.3,0.1016,0.298007011,0.0368233,-0.436743764,
-0.281254566,12.3,0.1016,0.298007011,0.0368233,-0.909456818,
-0.122601176,12.3,0.1016,0.298007011,0.0368233,-1.128412864,
0.083648232,12.3,0.1016,0.298007011,0.0368233,-1.148713425,
0.353358996,12.3,0.1016,0.298007011,0.0368233,-1.512673475,
0.670665777,12.3,0.1016,0.298007011,0.0368233,-1.859233046,
1.083164592,12.3,0.1016,0.298007011,0.0368233,-2.133290614,
-0.852406772,12.3,0.1016,-0.723344834,0.0408268,0.537828149,
-0.836541433,12.3,0.1016,-0.723344834,0.0408268,0.701682674,
-0.815916492,12.3,0.1016,-0.723344834,0.0408268,0.663981632,
-0.788945416,12.3,0.1016,-0.723344834,0.0408268,0.497227028,
-0.757214738,12.3,0.1016,-0.723344834,0.0408268,-0.381497238,
-0.715964856,12.3,0.1016,-0.723344834,0.0408268,-0.510550802,
-0.662022703,12.3,0.1016,-0.723344834,0.0408268,-0.365546798,
-0.598561347,12.3,0.1016,-0.723344834,0.0408268,-0.348146317,
-0.519234652,12.3,0.1016,-0.723344834,0.0408268,-0.532301403,
-0.408177279,12.3,0.1016,-0.723344834,0.0408268,-1.009364577,
-0.281254566,12.3,0.1016,-0.723344834,0.0408268,-1.558929753,
-0.122601176,12.3,0.1016,-0.723344834,0.0408268,-1.670582836,
0.083648232,12.3,0.1016,-0.723344834,0.0408268,-1.708283877,
0.353358996,12.3,0.1016,-0.723344834,0.0408268,-2.020042486,
0.670665777,12.3,0.1016,-0.723344834,0.0408268,-2.350651616,
1.083164592,12.3,0.1016,-0.723344834,0.0408268,-2.443454179,
-0.852406772,12.3,0.1016,-1.230808957,0.0418756,0.021903902,
-0.836541433,12.3,0.1016,-1.230808957,0.0418756,0.148057385,
-0.815916492,12.3,0.1016,-1.230808957,0.0418756,-0.01724718,
-0.788945416,12.3,0.1016,-1.230808957,0.0418756,-0.236203226,
-0.757214738,12.3,0.1016,-1.230808957,0.0418756,-0.894521405,
-0.715964856,12.3,0.1016,-1.230808957,0.0418756,-0.804618923,
-0.662022703,12.3,0.1016,-1.230808957,0.0418756,-0.695865919,
-0.598561347,12.3,0.1016,-1.230808957,0.0418756,-0.733566961,
-0.519234652,12.3,0.1016,-1.230808957,0.0418756,-0.880021005,
-0.408177279,12.3,0.1016,-1.230808957,0.0418756,-1.502088183,
-0.281254566,12.3,0.1016,-1.230808957,0.0418756,-2.08645432,
-0.122601176,12.3,0.1016,-1.230808957,0.0418756,-2.105304841,
0.083648232,12.3,0.1016,-1.230808957,0.0418756,-2.106754881,
0.353358996,12.3,0.1016,-1.230808957,0.0418756,-2.382262489,
0.670665777,12.3,0.1016,-1.230808957,0.0418756,-2.564967534,
1.083164592,12.3,0.1016,-1.230808957,0.0418756,-2.547567054,
-0.852406772,15.6,0.1016,1.312935258,0.0437259,0.879022571,
-0.836541433,15.6,0.1016,1.312935258,0.0437259,1.061727616,
-0.815916492,15.6,0.1016,1.312935258,0.0437259,1.300984223,
-0.788945416,15.6,0.1016,1.312935258,0.0437259,1.337235224,
-0.757214738,15.6,0.1016,1.312935258,0.0437259,0.84132153,
-0.715964856,15.6,0.1016,1.312935258,0.0437259,-0.369461906,
-0.662022703,15.6,0.1016,1.312935258,0.0437259,-0.093954298,
-0.598561347,15.6,0.1016,1.312935258,0.0437259,-0.057703297,
-0.519234652,15.6,0.1016,1.312935258,0.0437259,-0.240408342,
-0.408177279,15.6,0.1016,1.312935258,0.0437259,-0.479664949,
-0.281254566,15.6,0.1016,1.312935258,0.0437259,-0.717471516,
-0.122601176,15.6,0.1016,1.312935258,0.0437259,-0.84652508,
0.083648232,15.6,0.1016,1.312935258,0.0437259,-1.213385211,
0.353358996,15.6,0.1016,1.312935258,0.0437259,-1.673047904,
-0.852406772,15.6,0.1016,-0.723344834,0.0528487,-0.191686997,
-0.836541433,15.6,0.1016,-0.723344834,0.0528487,-0.027832472,
-0.815916492,15.6,0.1016,-0.723344834,0.0528487,-0.30189004,
-0.788945416,15.6,0.1016,-0.723344834,0.0528487,-0.63104913,
-0.757214738,15.6,0.1016,-0.723344834,0.0528487,-1.382169872,
-0.715964856,15.6,0.1016,-0.723344834,0.0528487,-0.97905874,
-0.662022703,15.6,0.1016,-0.723344834,0.0528487,-0.851455216,
-0.598561347,15.6,0.1016,-0.723344834,0.0528487,-0.813754175,
-0.519234652,15.6,0.1016,-0.723344834,0.0528487,-0.960208219,
-0.408177279,15.6,0.1016,-0.723344834,0.0528487,-1.490922875,
-0.281254566,15.6,0.1016,-0.723344834,0.0528487,-2.02163753,
-0.122601176,15.6,0.1016,-0.723344834,0.0528487,-2.112990053,
0.083648232,15.6,0.1016,-0.723344834,0.0528487,-2.259444097,
0.353358996,15.6,0.1016,-0.723344834,0.0528487,-2.643704709,
0.670665777,15.6,0.1016,-0.723344834,0.0528487,-2.69880623,
1.083164592,15.6,0.1016,-0.723344834,0.0528487,-2.991714319,
-4.26E-11,6.782302063,0.136548237,-1.46E-10,0.01113988,-4.66E-12,
1,5.916159025,0.093509605,1,0.013145859,1,
